recipe,cell,selection,target_mean,target_std,target_count,composite_mean,composite_std,composite_count,shannon_mean,shannon_std,shannon_count,motif_corr_mean,motif_corr_std,motif_corr_count
argmax_K4,K562,top128_by_target,5.458176708221435,0.0831315400963995,5,4.783958482742309,0.0486270021538627,5,1.2525376470640002,0.0589285802519387,5,0.9247313348143562,0.0278800935427753,5
argmax_K4,K562,top128_greedy_hamming_archive,5.753110599517822,0.0548973438029923,5,4.842933142185212,0.121791482070633,5,1.3559680856187744,0.116136567431218,5,0.9348997251888392,0.0165486237026959,5
argmax_K4,K562,top128_map_dpp_archive,5.392364597320556,0.0509060947902219,5,4.935929787158966,0.0477379277594981,5,1.5459065952456408,0.0667762105436386,5,0.9423716448109636,0.0078110678336626,5
argmax_K4,K562,top128_unique_archive_by_composite,5.5456770896911625,0.0607726006843043,5,5.137414216995239,0.051595741431222,5,1.1973123470489018,0.1073471486807798,5,0.9206110859905448,0.0199096983900536,5
argmax_K4,THP1,top128_by_target,3.3425810813903807,0.0575101149037907,5,2.333950018882752,0.0745850535695713,5,1.591029664984425,0.0366797048568103,5,0.8660293881600054,0.0341937857386681,5
argmax_K4,THP1,top128_greedy_hamming_archive,3.726528453826904,0.0544167609417267,5,2.281696557998657,0.1099392122534911,5,1.5417716702397926,0.0498140966956698,5,0.8745058600539014,0.0299267930439237,5
argmax_K4,THP1,top128_map_dpp_archive,3.082759380340576,0.0487446672778211,5,2.771711748838425,0.0413934940952326,5,1.6860233709720902,0.039164980228937,5,0.8857978049633513,0.0385875945340141,5
argmax_K4,THP1,top128_unique_archive_by_composite,3.195112371444702,0.111987946890987,5,2.958850345015526,0.0349082286795883,5,1.404444429622341,0.073736051560098,5,0.8589171341028534,0.0337965691501074,5
argmax_K8,K562,top128_by_target,5.545824718475342,0.0227441536884728,5,4.878178429603577,0.0350251437634485,5,1.3173709528980888,0.067285244111155,5,0.9422118672859792,0.0111562427077391,5
argmax_K8,K562,top128_greedy_hamming_archive,5.801949119567871,0.0358491538224723,5,4.970564818382263,0.0723635913734154,5,1.3467953503006047,0.0846526135246962,5,0.9434372008418612,0.0098259876174046,5
argmax_K8,K562,top128_map_dpp_archive,5.474105262756348,0.0228927953226473,5,5.033249074220658,0.021467001014049,5,1.501185814638893,0.0587222929415294,5,0.9486024525904152,0.0065753696409392,5
argmax_K8,K562,top128_unique_archive_by_composite,5.605545616149902,0.0275300925792212,5,5.225854122638703,0.0407047409857876,5,1.1675653584133423,0.1782686753339304,5,0.9335696215023654,0.018200547635119,5
argmax_K8,THP1,top128_by_target,3.5224576950073243,0.0885776837943723,5,2.458717465400696,0.0212885899188512,5,1.4427426789657536,0.1476286930504105,5,0.8683345443583675,0.0277994709429517,5
argmax_K8,THP1,top128_greedy_hamming_archive,3.83860764503479,0.1008068591816618,5,2.358213782310486,0.0444914857439485,5,1.5209402124560378,0.0804925805790944,5,0.8581082689833377,0.0289191839172157,5
argmax_K8,THP1,top128_map_dpp_archive,3.204956817626953,0.1228033174698888,5,2.908207508921623,0.0449460615873939,5,1.64810762352137,0.0372902147015433,5,0.8873376094366288,0.0287694548086447,5
argmax_K8,THP1,top128_unique_archive_by_composite,3.3238943576812745,0.1085589378889943,5,3.102597397565842,0.0431091258106853,5,1.197172792956538,0.250335684076943,5,0.8289509838043049,0.056100901129498,5
argmax_K8_JURKAT,JURKAT,top128_by_target,7.279574012756347,0.1777894529462033,5,5.852338576316834,0.1655498120077726,5,1.4000170002237753,0.1477985573126057,5,0.9237362352885764,0.0072582548020837,5
argmax_K8_JURKAT,JURKAT,top128_greedy_hamming_archive,7.670726680755616,0.0638353919538559,5,6.0738341331481935,0.1343014909066328,5,1.3593642703033504,0.1631071375931362,5,0.919929114072108,0.0118673257318897,5
argmax_K8_JURKAT,JURKAT,top128_map_dpp_archive,7.220744037628174,0.0727159729005207,5,6.026315331459045,0.1439719747965335,5,1.5666164515841192,0.0955866429310096,5,0.9255910132347988,0.0055115330972345,5
argmax_K8_JURKAT,JURKAT,top128_unique_archive_by_composite,7.4477152824401855,0.0828217174922273,5,6.283496761322022,0.1504391513406199,5,1.2328303044559363,0.1402856238149562,5,0.9123218766893306,0.013341546128053,5
argmax_K8_POP20k,K562,top128_by_target,5.626900672912598,0.0612817483359889,3,4.944509128729503,0.0160758317837382,3,1.3893982546664754,0.0775059736033739,3,0.942535658261994,0.0045095383275964,3
argmax_K8_POP20k,K562,top128_greedy_hamming_archive,5.848319053649902,0.063118097001541,3,4.958049376805623,0.0201162064400971,3,1.4203493576368984,0.0322331183538566,3,0.9385707475234528,0.0166314785317224,3
argmax_K8_POP20k,K562,top128_map_dpp_archive,5.524683952331543,0.0521191894637946,3,5.0873352487881975,0.0259130580696228,3,1.5565300368858053,0.0698067287355226,3,0.9462984402932364,0.003613771615747,3
argmax_K8_POP20k,K562,top128_unique_archive_by_composite,5.639097213745117,0.0832538127068781,3,5.256178140640259,0.0310250591826166,3,1.2346234373571086,0.1303314410720494,3,0.9235702434686036,0.0226343811466899,3
argmax_K8_biofilt_JK,JURKAT,top128_by_target,6.612741374969483,0.6195758942148948,5,5.963451385498047,0.3874426146878516,5,0.0,0.0,5,0.5998793217483718,0.1245714741481079,5
argmax_K8_biofilt_JK,JURKAT,top128_greedy_hamming_archive,5.742869663238525,0.0432844077342843,5,4.349535393714905,0.0861676516497663,5,1.824038601359943,0.011955164461609,5,0.9751104501333516,0.0262687724768083,5
argmax_K8_biofilt_JK,JURKAT,top128_map_dpp_archive,5.741070747375488,0.0449369691144851,5,4.341620397567749,0.1028942791376697,5,1.81954445374495,0.0180874869361311,5,0.9713082036650998,0.0347524411997931,5
argmax_K8_biofilt_JK,JURKAT,top128_unique_archive_by_composite,5.741070747375488,0.0449369691144851,5,4.341620397567749,0.1028942791376697,5,1.81954445374495,0.0180874869361311,5,0.9713082036650998,0.0347524411997931,5
argmax_K8_nodpsA,K562,top128_by_target,7.000384902954101,0.0235384710682507,5,4.747080993652344,0.0731091223517758,5,1.2860589880378797,0.1008980413922601,5,0.8221690273589433,0.0488854282432922,5
argmax_K8_nodpsA,K562,top128_greedy_hamming_archive,7.1315796852111815,0.0200471371027428,5,4.815353918075561,0.0850161585954559,5,1.2315572017242205,0.0884101168638609,5,0.8172165328696259,0.0647406043079438,5
argmax_K8_nodpsA,K562,top128_map_dpp_archive,6.524995136260986,0.1012907453797461,5,4.983166837692261,0.151327942747816,5,1.5559526126211742,0.076887960776564,5,0.8526548791741405,0.0427983959170441,5
argmax_K8_nodpsA,K562,top128_unique_archive_by_composite,6.662557697296142,0.103708292812102,5,5.193778777122498,0.1880017073588391,5,1.1951398831022906,0.0467959539003344,5,0.8276851441774802,0.060227315686133,5
argmax_K8_nodpsA,THP1,top128_by_target,4.529764556884766,0.0467463695714798,5,2.474065351486206,0.1044440056759696,5,1.4235760250887044,0.1194297107868705,5,0.82223086757779,0.0572908880303094,5
argmax_K8_nodpsA,THP1,top128_greedy_hamming_archive,4.654362773895263,0.0166703617178619,5,2.3902050971984865,0.1678085007915333,5,1.333397618731326,0.1224721210203186,5,0.7927112005412318,0.0807371355830467,5
argmax_K8_nodpsA,THP1,top128_map_dpp_archive,3.923298120498657,0.0480029898974558,5,2.9479338049888613,0.0701054797073612,5,1.5762422858800218,0.1079992132254516,5,0.8248868308477295,0.0614678646946737,5
argmax_K8_nodpsA,THP1,top128_unique_archive_by_composite,4.112798881530762,0.0562034772658543,5,3.1351988434791567,0.0573439488888204,5,1.2933968319467302,0.0516632811809763,5,0.8009011598299297,0.0561149735396213,5
argmax_K8_nodpsA_JK,JURKAT,top128_by_target,8.397793769836426,0.0931746054553246,5,6.341206502914429,0.0808671161472531,5,1.1973642743873718,0.1090761008997508,5,0.914695615701996,0.0164794370918285,5
argmax_K8_nodpsA_JK,JURKAT,top128_greedy_hamming_archive,8.559908485412597,0.0820624140543386,5,6.468099188804627,0.0905389688384728,5,1.1318774398260223,0.143969456480955,5,0.907891476299058,0.0178894883459174,5
argmax_K8_nodpsA_JK,JURKAT,top128_map_dpp_archive,8.21294708251953,0.0876914037939224,5,6.398105645179749,0.0483369881881194,5,1.4546027965148522,0.0420833132073428,5,0.9260255049319344,0.0093987377960228,5
argmax_K8_nodpsA_JK,JURKAT,top128_unique_archive_by_composite,8.426648902893067,0.0972630741083349,5,6.593372344970703,0.050102886148498,5,1.1346308067662425,0.1546242632253381,5,0.9060654205108746,0.0266662794515469,5
dps_recB_JURKAT,JURKAT,top128_by_target,6.346126556396484,0.588480553623199,5,5.9023596286773685,0.4498536895272899,5,0.1396256556881875,0.3122124575217675,5,0.5351569521304654,0.1920795103428517,5
dps_recB_JURKAT,JURKAT,top128_greedy_hamming_archive,5.853627872467041,0.0805198054010417,5,4.506039929389954,0.0486017507873487,5,1.8239819696673445,0.0160726293038417,5,0.9868947840440928,0.0032042343252357,5
dps_recB_JURKAT,JURKAT,top128_map_dpp_archive,5.8536279678344725,0.0805198987558688,5,4.506040120124817,0.0486017587889115,5,1.8239819696673445,0.0160726293038417,5,0.9868947857498503,0.003204234802194,5
dps_recB_JURKAT,JURKAT,top128_unique_archive_by_composite,5.8536279678344725,0.0805198987558688,5,4.506040120124817,0.0486017587889115,5,1.8239819696673445,0.0160726293038417,5,0.9868947857498503,0.003204234802194,5
kanneal_late_60,JURKAT,top128_by_target,8.344950358072916,0.1050416869511116,3,6.226761658986409,0.0614080013472433,3,1.185186037090966,0.091459291441138,3,0.9275950861368942,0.0037270566443973,3
kanneal_late_60,JURKAT,top128_greedy_hamming_archive,8.470945676167807,0.0995924221093035,3,6.320261319478353,0.0796431749364085,3,1.091747334934044,0.1231474879046516,3,0.9266059729561008,0.0009296994973831,3
kanneal_late_60,JURKAT,top128_map_dpp_archive,8.09115727742513,0.105924684064514,3,6.25178337097168,0.0425661818286775,3,1.4284396699864887,0.0200262065277958,3,0.9322839569935062,0.001187362846388,3
kanneal_late_60,JURKAT,top128_unique_archive_by_composite,8.296439488728842,0.1283775960090814,3,6.47148334980011,0.0271481110439409,3,1.130035883582983,0.069343596831314,3,0.920288465969134,0.0018114507685008,3
kanneal_late_60,K562,top128_by_target,6.9964470863342285,0.0350913907933681,3,4.717140833536784,0.0662364057336383,3,1.2919427340904628,0.1507629330494048,3,0.8142998825243194,0.0811357625500212,3
kanneal_late_60,K562,top128_greedy_hamming_archive,7.113341013590495,0.0358424564960235,3,4.755441029866536,0.0491863503354723,3,1.2266318889241865,0.1327474959492767,3,0.8185194760218216,0.0799891222339474,3
kanneal_late_60,K562,top128_map_dpp_archive,6.547381083170573,0.1333790914842476,3,4.907021522521973,0.1556562678474282,3,1.5577756227178632,0.099559284728232,3,0.8651998412525531,0.0526444625769207,3
kanneal_late_60,K562,top128_unique_archive_by_composite,6.681329727172852,0.1461508869553931,3,5.099962671597798,0.191354633185523,3,1.2293500961311137,0.0627478770949746,3,0.8493074447498096,0.0456406354315067,3
kanneal_late_60,THP1,top128_by_target,4.538229147593181,0.030329523329252,3,2.525134007136027,0.0588213562007285,3,1.3746181743777786,0.0533229387290962,3,0.7941544523090928,0.0598749460335874,3
kanneal_late_60,THP1,top128_greedy_hamming_archive,4.654706001281738,0.0128467374545589,3,2.46746826171875,0.1092675488432304,3,1.296887230726382,0.1505814943565057,3,0.7602177916774261,0.0941402835253238,3
kanneal_late_60,THP1,top128_map_dpp_archive,3.9374879201253257,0.0152385624742291,3,2.9758816361427307,0.0342580524173537,3,1.5378401433911515,0.1014676433982292,3,0.8113075152134647,0.0793445704149166,3
kanneal_late_60,THP1,top128_unique_archive_by_composite,4.119640668233235,0.0411983810221604,3,3.162266731262207,0.0353188154197713,3,1.2702368873701324,0.0434591728815282,3,0.7870158857313446,0.0740774097366968,3
kanneal_late_80,JURKAT,top128_by_target,8.437447865804037,0.0614693995006645,3,6.307937065760295,0.0661745684879099,3,1.1343925488604836,0.0455356575253712,3,0.9113278336370366,0.019265251979172,3
kanneal_late_80,JURKAT,top128_greedy_hamming_archive,8.58589235941569,0.0584903785052349,3,6.42464550336202,0.0751956797147312,3,1.043527936663236,0.0218395589553141,3,0.9059395200825336,0.0232799066415677,3
kanneal_late_80,JURKAT,top128_map_dpp_archive,8.213325182596842,0.0554870152792998,3,6.361913124720256,0.0292763557822028,3,1.428405159884884,0.0284261370598975,3,0.930159826009207,0.0013884496704228,3
kanneal_late_80,JURKAT,top128_unique_archive_by_composite,8.432490030924479,0.0939074308917193,3,6.5729548533757525,0.0585597995373892,3,1.053959876099125,0.1466152470208065,3,0.9007760612849912,0.0328334455532896,3
kanneal_late_80,K562,top128_by_target,6.998841126759847,0.0310302055897092,3,4.719310919443767,0.06720006013833,3,1.2837168731070063,0.1398427978296191,3,0.8264720857484971,0.0623034086638353,3
kanneal_late_80,K562,top128_greedy_hamming_archive,7.122427304585774,0.0221231866690391,3,4.77018411954244,0.0511178861995989,3,1.2074541746880345,0.1044982827649399,3,0.8184688984974873,0.080074018365237,3
kanneal_late_80,K562,top128_map_dpp_archive,6.564117749532064,0.1061528261351997,3,4.920949379603068,0.1680603623681959,3,1.560068568351813,0.1031162837413512,3,0.866386976239864,0.0508557071243969,3
kanneal_late_80,K562,top128_unique_archive_by_composite,6.702829202016194,0.1116832968645393,3,5.109711249669393,0.2010498404580422,3,1.197527150391049,0.0637179409547256,3,0.8427655639074287,0.0548982692576969,3
kanneal_late_80,THP1,top128_by_target,4.538229147593181,0.030329523329252,3,2.525134007136027,0.0588213562007285,3,1.3746181743777786,0.0533229387290962,3,0.7941544523090928,0.0598749460335874,3
kanneal_late_80,THP1,top128_greedy_hamming_archive,4.654706001281738,0.0128467374545589,3,2.46746826171875,0.1092675488432304,3,1.296887230726382,0.1505814943565057,3,0.7602177916774261,0.0941402835253238,3
kanneal_late_80,THP1,top128_map_dpp_archive,3.9374879201253257,0.0152385624742291,3,2.9758816361427307,0.0342580524173537,3,1.5378401433911515,0.1014676433982292,3,0.8113075152134647,0.0793445704149166,3
kanneal_late_80,THP1,top128_unique_archive_by_composite,4.119640668233235,0.0411983810221604,3,3.162266731262207,0.0353188154197713,3,1.2702368873701324,0.0434591728815282,3,0.7870158857313446,0.0740774097366968,3
kanneal_linear,JURKAT,top128_by_target,8.177565574645996,0.1486922581796323,3,6.122442324956258,0.1240738563273429,3,1.0813772658439982,0.1903204498599209,3,0.9057069538876018,0.0144770625950464,3
kanneal_linear,JURKAT,top128_greedy_hamming_archive,8.398629824320475,0.1060992028519742,3,6.284648418426514,0.1222139596615251,3,1.225888505274369,0.2207345622379681,3,0.9093413309777866,0.0130000846085229,3
kanneal_linear,JURKAT,top128_map_dpp_archive,8.045891761779785,0.1205749174434257,3,6.2140272458394366,0.0699362753141674,3,1.4882251548379577,0.1459528735233294,3,0.928358835525288,0.0083519459997598,3
kanneal_linear,JURKAT,top128_unique_archive_by_composite,8.237070719401041,0.138759705380718,3,6.430033683776856,0.0809793174669504,3,1.1350759604817429,0.1787188679744074,3,0.9073568680118403,0.0108608153553952,3
kanneal_linear,K562,top128_by_target,6.869679768880208,0.066619300454383,3,4.5859925746917725,0.0557034100139878,3,1.1323350047192848,0.1096456523591198,3,0.8765255668967559,0.0352057500458788,3
kanneal_linear,K562,top128_greedy_hamming_archive,7.124952475229899,0.0550483752750851,3,4.756451606750488,0.0347845955202075,3,1.007546505066914,0.1102486515236611,3,0.8631172519851716,0.0426283081786948,3
kanneal_linear,K562,top128_map_dpp_archive,6.392072518666585,0.0843050735056495,3,4.901008129119873,0.0773500263780142,3,1.587442945198182,0.0915510039532106,3,0.881428097941583,0.0459762393881621,3
kanneal_linear,K562,top128_unique_archive_by_composite,6.5414862632751465,0.1567242668001608,3,5.101509690284729,0.0696395249168703,3,1.291582006586341,0.1674126385050388,3,0.8698213531509359,0.0509801064376134,3
kanneal_linear,THP1,top128_by_target,4.476553122202556,0.069316198893257,3,2.4276768366495767,0.0346629757441985,3,1.2516373111754735,0.1721122833756974,3,0.7904863623325101,0.0746884503910608,3
kanneal_linear,THP1,top128_greedy_hamming_archive,4.620280424753825,0.0429264182328809,3,2.4530625343322754,0.051804495984441,3,1.2998582543054995,0.1237689792651816,3,0.7954468348985296,0.0548702496394158,3
kanneal_linear,THP1,top128_map_dpp_archive,3.862242778142293,0.0501191346349964,3,2.899271607398987,0.0093627925728771,3,1.588676254382342,0.1298877420351953,3,0.8321846432638219,0.0838339986453872,3
kanneal_linear,THP1,top128_unique_archive_by_composite,4.09262212117513,0.0192421780501392,3,3.095472534497579,0.01244021182867,3,1.144589297976506,0.1719767122451135,3,0.7677666307042533,0.0691110342992891,3
kanneal_step,JURKAT,top128_by_target,7.890486717224121,0.1664585017626001,3,5.780059456825256,0.075212379215278,3,1.011703532357281,0.0730697331110823,3,0.920158341653202,0.0163022820747785,3
kanneal_step,JURKAT,top128_greedy_hamming_archive,8.257028579711914,0.0786439449773292,3,6.096933921178182,0.1014055922586091,3,1.181133073850995,0.0433719040152528,3,0.9175859418058836,0.0139422581703111,3
kanneal_step,JURKAT,top128_map_dpp_archive,7.864232858022054,0.0556045720058063,3,6.037911176681519,0.0206043336057441,3,1.5048194018097365,0.0367595313244486,3,0.933072617569534,0.0059811928574006,3
kanneal_step,JURKAT,top128_unique_archive_by_composite,8.066629727681478,0.1325810472312256,3,6.262877583503723,0.0488172380059301,3,1.1671018147459031,0.0485658478301633,3,0.907260983217252,0.0175012295148414,3
kanneal_step,K562,top128_by_target,6.784714221954346,0.0845844519117708,3,4.480406681696574,0.1079340854939111,3,1.2969371284974824,0.1601715607559215,3,0.8677581849205401,0.0380224473438433,3
kanneal_step,K562,top128_greedy_hamming_archive,7.013370831807454,0.0069580542368693,3,4.662101109822591,0.0576864540322495,3,1.235840185831824,0.0887835012249102,3,0.8270837388268277,0.1034707478717031,3
kanneal_step,K562,top128_map_dpp_archive,6.358456929524739,0.0931212916476103,3,4.7872374057769775,0.118989519583427,3,1.6084216706653347,0.0778892717663934,3,0.8544063277406887,0.0557769784650027,3
kanneal_step,K562,top128_unique_archive_by_composite,6.529791673024495,0.0509898211030873,3,5.067849238713582,0.0937056835712859,3,0.992396142740886,0.172292831029326,3,0.8007617058300146,0.100514017468957,3
kanneal_step,THP1,top128_by_target,4.416374842325847,0.0528534184088215,3,2.2348926862080893,0.1170992095061048,3,1.2786689796466857,0.0355738909574515,3,0.7342390098347966,0.0719708555321048,3
kanneal_step,THP1,top128_greedy_hamming_archive,4.58652925491333,0.0236154603306105,3,2.3542044957478843,0.1128132457490598,3,1.2606732012472408,0.0677519743134878,3,0.7350199705947432,0.0505586665484635,3
kanneal_step,THP1,top128_map_dpp_archive,3.803306420644125,0.0376589734082609,3,2.892972489198049,0.0150365571485627,3,1.611007663175603,0.096076861491264,3,0.8209260143706604,0.0930309931986088,3
kanneal_step,THP1,top128_unique_archive_by_composite,3.981816609700521,0.0760891373209596,3,3.104782541592916,0.03237785633228,3,1.1526841163604038,0.1920435847363695,3,0.7826582417290663,0.1135144314163632,3
nodpsA_K8_div0p3,JURKAT,top128_by_target,8.47342332204183,0.0758307937909883,3,6.429758866628011,0.0635406496399009,3,1.216363000584308,0.1703891897808916,3,0.915334790302941,0.0147945156443685,3
nodpsA_K8_div0p3,JURKAT,top128_greedy_hamming_archive,8.621463457743326,0.0766097474037539,3,6.567426840464274,0.0542478080195175,3,1.1456328375895717,0.2131411809132134,3,0.9131151239736088,0.0217958262239672,3
nodpsA_K8_div0p3,JURKAT,top128_map_dpp_archive,8.22967497507731,0.1418400617766526,3,6.406728506088257,0.0587616264291605,3,1.6414909345261914,0.012395008846116,3,0.9369712197034412,0.0020725477265755,3
nodpsA_K8_div0p3,JURKAT,top128_unique_archive_by_composite,8.545448939005533,0.09051541296422,3,6.649707476298015,0.0402438574039282,3,1.1139725901354482,0.1356230355467593,3,0.9113451356215388,0.0147889428941584,3
nodpsA_K8_div0p3,K562,top128_by_target,7.02825133005778,0.0386444255102804,3,4.761799971262614,0.1337397986208797,3,1.339817156586382,0.0575738603180361,3,0.7959850011142903,0.0551543822092282,3
nodpsA_K8_div0p3,K562,top128_greedy_hamming_archive,7.21024735768636,0.0333156921656775,3,4.840564886728923,0.1150665428621667,3,1.0538542656541154,0.0956339126237927,3,0.7519767403714459,0.0862399504972024,3
nodpsA_K8_div0p3,K562,top128_map_dpp_archive,6.542105674743652,0.0202365523022618,3,5.030405243237813,0.1471270764965438,3,1.5983340393333634,0.087024299068093,3,0.8354561154707142,0.0368781598002301,3
nodpsA_K8_div0p3,K562,top128_unique_archive_by_composite,6.61445951461792,0.0632319198487872,3,5.28799839814504,0.1782811527402688,3,1.145691664660289,0.0936498140557905,3,0.8263811489093289,0.051097285919679,3
nodpsA_K8_div0p3,THP1,top128_by_target,4.520658651987712,0.0156239405288697,3,2.474379062652588,0.0844489003573971,3,1.504833004225197,0.0821104595737833,3,0.7973956925830504,0.0640100856667387,3
nodpsA_K8_div0p3,THP1,top128_greedy_hamming_archive,4.642109235127767,0.0296481066161105,3,2.4445530573527017,0.1296100942424836,3,1.3009631620124145,0.2388408889778901,3,0.7859228874926626,0.0992804692647594,3
nodpsA_K8_div0p3,THP1,top128_map_dpp_archive,3.896432558695475,0.078051646518533,3,2.962680677572886,0.0232954675998808,3,1.710097210105803,0.033849369329719,3,0.8607778853622868,0.0250179063603968,3
nodpsA_K8_div0p3,THP1,top128_unique_archive_by_composite,4.051319122314453,0.0709333685980784,3,3.147591710090637,0.0179170707789153,3,1.3161380627959154,0.0784483293905853,3,0.800270464837923,0.0387805440068731,3
nodpsA_K8_div0p5,JURKAT,top128_by_target,8.410934448242188,0.15183654265268048,3,6.367444038391113,0.1394957815215487,3,1.3821857245142983,0.2755193325115469,3,0.9183700743343812,0.011680209049272004,3
nodpsA_K8_div0p5,JURKAT,top128_greedy_hamming_archive,8.563692092895508,0.14864881790104478,3,6.510100285212199,0.14588999376858686,3,1.2490639893642324,0.40864332511102147,3,0.9059665126124606,0.024977620434915027,3
nodpsA_K8_div0p5,JURKAT,top128_map_dpp_archive,8.224104563395182,0.11830134472942813,3,6.395325382550557,0.03841883489737674,3,1.6601962655541807,0.01754165639501205,3,0.9283321686661749,0.0057599864940857635,3
nodpsA_K8_div0p5,JURKAT,top128_unique_archive_by_composite,8.431901295979818,0.2248720449840009,3,6.633667270342509,0.0858827386268357,3,1.1403938988508582,0.3967674223786304,3,0.9136243770883411,0.025374468769591693,3
nodpsA_K8_div0p5,K562,top128_by_target,7.006533940633138,0.060755412252075355,3,4.785614967346191,0.1426013089588998,3,1.3979472023987478,0.13095131398912419,3,0.8144340891488117,0.03581054479691973,3
nodpsA_K8_div0p5,K562,top128_greedy_hamming_archive,7.139181454976399,0.04905251584525132,3,4.831501324971517,0.15045262132083315,3,1.2802870517137102,0.11854839665372598,3,0.8150794496142278,0.025471426412391706,3
nodpsA_K8_div0p5,K562,top128_map_dpp_archive,6.497027079264323,0.0519498829583377,3,5.006186405817668,0.11325069473218619,3,1.7047080112885393,0.06092393959299999,3,0.8485731097965764,0.023694551150927844,3
nodpsA_K8_div0p5,K562,top128_unique_archive_by_composite,6.6072055498758955,0.09334338980402011,3,5.283928195635478,0.1512224588956573,3,1.0699458563998363,0.27128043207888974,3,0.7729377795679534,0.07333592324427135,3
nodpsA_K8_div0p5,THP1,top128_by_target,4.513034184773763,0.0510233946354276,3,2.4429864088694253,0.04999866323711168,3,1.457557598655719,0.25330543267979405,3,0.7893311867115064,0.08958908840024941,3
nodpsA_K8_div0p5,THP1,top128_greedy_hamming_archive,4.624473889668782,0.031075042060897135,3,2.449501911799113,0.08045397947195396,3,1.3855067516200104,0.18078069538704838,3,0.7662783906773099,0.09810239722297959,3
nodpsA_K8_div0p5,THP1,top128_map_dpp_archive,3.845861275990804,0.04032292269376585,3,2.9392064611117044,0.008588298546370363,3,1.7740078093458689,0.029920635733811797,3,0.8657915904204957,0.030739983056993016,3
nodpsA_K8_div0p5,THP1,top128_unique_archive_by_composite,4.068409363428752,0.07883605900739235,3,3.136079748471578,0.03473520267154841,3,1.285635170800447,0.06885945938844404,3,0.7732073545889707,0.08329979307992551,3
nodpsA_K8_div10p0,JURKAT,top128_by_target,7.863834540049235,0.0315566273152758,3,5.772497336069743,0.0362036693749207,3,1.78310054497448,0.009148341373605,3,0.9249178818546456,0.0045737620661189,3
nodpsA_K8_div10p0,JURKAT,top128_greedy_hamming_archive,8.148524602254232,0.0186569283843852,3,6.019216775894165,0.0447490770651284,3,1.6704080452729435,0.0559440195277792,3,0.930606454502684,0.0204110996115693,3
nodpsA_K8_div10p0,JURKAT,top128_map_dpp_archive,7.80379565556844,0.0479142197325005,3,5.925652106602986,0.0625843252877862,3,1.849791900485477,0.0108232197118681,3,0.9395372920803154,0.0094528172480627,3
nodpsA_K8_div10p0,JURKAT,top128_unique_archive_by_composite,8.013614813486734,0.0248617398085186,3,6.1671364307403564,0.036609486810795,3,1.59713898860297,0.0370911694881542,3,0.9211432846151152,0.0209233745767963,3
nodpsA_K8_div10p0,K562,top128_by_target,6.6538058916727705,0.0403851935573405,3,4.335002581278483,0.0158687927101164,3,1.875457654032391,0.0139937761951104,3,0.7005298982502378,0.0687410842160283,3
nodpsA_K8_div10p0,K562,top128_greedy_hamming_archive,6.867944717407227,0.0195487760943274,3,4.459494352340698,0.0113295115321232,3,1.791761310094717,0.0137158445935683,3,0.7440972096875003,0.009694969097929,3
nodpsA_K8_div10p0,K562,top128_map_dpp_archive,6.096981684366862,0.1384131799028914,3,4.724590341250102,0.0189377130981041,3,1.9403753697674988,0.0030331351588321,3,0.8715195382009159,0.0674647805056874,3
nodpsA_K8_div10p0,K562,top128_unique_archive_by_composite,5.950860977172852,0.263390508040252,3,4.898919920126597,0.0891731405830923,3,1.658665803572296,0.208852252257412,3,0.8838407453742176,0.0685170509266863,3
nodpsA_K8_div10p0,THP1,top128_by_target,4.325421651204427,0.0295726990896415,3,2.142213503519694,0.0140385498850458,3,1.9043403261834675,0.0117506142535466,3,0.7201584432577821,0.0250880866509672,3
nodpsA_K8_div10p0,THP1,top128_greedy_hamming_archive,4.521059354146321,0.0191419692925381,3,2.130255142847697,0.043635612753752,3,1.7859959655268445,0.0642717945588036,3,0.7068551848650184,0.0429491972104524,3
nodpsA_K8_div10p0,THP1,top128_map_dpp_archive,3.728921175003052,0.0269645384669271,3,2.751920481522878,0.0127611877157815,3,1.9568547432529009,0.0010984304290242,3,0.764503342235832,0.0093468662947598,3
nodpsA_K8_div10p0,THP1,top128_unique_archive_by_composite,3.8445149262746177,0.0821547219826478,3,2.8672208984692893,0.0183412551507293,3,1.8434762857781133,0.0429853701125562,3,0.7450391710799433,0.0132368494744348,3
nodpsA_K8_div1p0,JURKAT,top128_by_target,8.371345901489258,0.09483594667366248,5,6.321398758888245,0.10456709671686126,5,1.5328777798889117,0.09652039196581615,5,0.9129546726302925,0.01356181751869354,5
nodpsA_K8_div1p0,JURKAT,top128_greedy_hamming_archive,8.551573371887207,0.10065506731110285,5,6.474914598464966,0.1044112139577465,5,1.4300211879319138,0.14416612694232137,5,0.9114003711718064,0.0248007614662204,5
nodpsA_K8_div1p0,JURKAT,top128_map_dpp_archive,8.21046199798584,0.09502572067644165,5,6.397134470939636,0.07568642529411204,5,1.6951142493216191,0.022321390630479106,5,0.9325537799643223,0.004791961140738668,5
nodpsA_K8_div1p0,JURKAT,top128_unique_archive_by_composite,8.401080131530762,0.11603342069434938,5,6.598012232780457,0.09334407889251438,5,1.473465232614036,0.10982802884467842,5,0.924197642047303,0.005059868927914778,5
nodpsA_K8_div1p0,K562,top128_by_target,7.000691318511963,0.014552694868298221,5,4.761636543273926,0.02902740603026407,5,1.6289189988882782,0.05091860818399413,5,0.8402965237661976,0.03169709887664857,5
nodpsA_K8_div1p0,K562,top128_greedy_hamming_archive,7.148897552490235,0.024809894912248845,5,4.838447237014771,0.037267990384900654,5,1.4812433889910717,0.142944488800981,5,0.82457833155547,0.04081230004187627,5
nodpsA_K8_div1p0,K562,top128_map_dpp_archive,6.508758163452148,0.03290303195258275,5,5.033354139328003,0.027687495010827408,5,1.7541378464456376,0.028656001510881515,5,0.8664142146736793,0.022876852112787244,5
nodpsA_K8_div1p0,K562,top128_unique_archive_by_composite,6.567710304260254,0.04637482473753982,5,5.253299880027771,0.04312566252666705,5,1.4704276657436022,0.09948286335512188,5,0.8538096154062187,0.015914231373614834,5
nodpsA_K8_div1p0,THP1,top128_by_target,4.515410709381103,0.03557950124263503,5,2.4408606052398683,0.03253532995633986,5,1.597276116140142,0.16442788879556736,5,0.8218883456220819,0.03872011476001861,5
nodpsA_K8_div1p0,THP1,top128_greedy_hamming_archive,4.637105274200439,0.022188902728961055,5,2.387148380279541,0.10161334984814933,5,1.569449286600896,0.13453968347735343,5,0.8270973473853077,0.035641876203460876,5
nodpsA_K8_div1p0,THP1,top128_map_dpp_archive,3.875176191329956,0.02563770486132724,5,2.924170458316803,0.011716219553056122,5,1.8522055240305302,0.011561033857503136,5,0.8679060177684631,0.0065584457622164,5
nodpsA_K8_div1p0,THP1,top128_unique_archive_by_composite,4.02710189819336,0.07515291664343157,5,3.097946834564209,0.014148128231343655,5,1.5212262340608693,0.1413286359984897,5,0.8327293098146864,0.04342861484962111,5
nodpsA_K8_div1p5,JURKAT,top128_by_target,8.363161087036133,0.07610142363934051,3,6.286512454350789,0.08239154748140969,3,1.5816330974171005,0.0730058882337982,3,0.9144879575149703,0.031799806349073964,3
nodpsA_K8_div1p5,JURKAT,top128_greedy_hamming_archive,8.546950340270996,0.07703088984643235,3,6.435869614283244,0.06376842689799457,3,1.4653796602693505,0.12923004199005614,3,0.9068782793516471,0.038815366527813235,3
nodpsA_K8_div1p5,JURKAT,top128_map_dpp_archive,8.169061342875162,0.09177495752280196,3,6.368573784828186,0.04291963489577664,3,1.7180501690337773,0.01849342011394065,3,0.9340884920209902,0.004329638488090293,3
nodpsA_K8_div1p5,JURKAT,top128_unique_archive_by_composite,8.366470019022623,0.13120298604893216,3,6.566194732983907,0.01679676105835991,3,1.4270993464299926,0.191537559874815,3,0.9191803987547881,0.008396530012144889,3
nodpsA_K8_div1p5,K562,top128_by_target,7.00262435277303,0.02367705038405505,3,4.7078752517700195,0.041029519395776634,3,1.6615884165467414,0.04016909623358618,3,0.8119440763064444,0.057606544298407496,3
nodpsA_K8_div1p5,K562,top128_greedy_hamming_archive,7.131161053975423,0.03292577913824717,3,4.73844297726949,0.027014469836036708,3,1.496242305133057,0.12622316077722606,3,0.7808807733770413,0.01820996220818246,3
nodpsA_K8_div1p5,K562,top128_map_dpp_archive,6.493320941925049,0.04959183500452377,3,4.92767337958018,0.07249129805837382,3,1.79966263914687,0.0028139022593227166,3,0.8595147859981641,0.02293564210018721,3
nodpsA_K8_div1p5,K562,top128_unique_archive_by_composite,6.568118095397949,0.05486545164602099,3,5.176185687383016,0.1068021996470942,3,1.3564548453205554,0.26270767362174946,3,0.859990006226321,0.030993159226842194,3
nodpsA_K8_div1p5,THP1,top128_by_target,4.493203639984131,0.013331924539942691,3,2.4663893381754556,0.03202509605330958,3,1.7129845865411226,0.046242122580503774,3,0.8313165335199354,0.02315710388502814,3
nodpsA_K8_div1p5,THP1,top128_greedy_hamming_archive,4.620346387227376,0.004341395778376044,3,2.387939453125,0.10968872557074191,3,1.5679731084819764,0.10242954083241451,3,0.8137292048566103,0.03843849722095086,3
nodpsA_K8_div1p5,THP1,top128_map_dpp_archive,3.8553334871927896,0.04173714454492221,3,2.922854026158651,0.009925904869215523,3,1.8767220555176796,0.01283627338613633,3,0.8671062985273306,0.009106164002630044,3
nodpsA_K8_div1p5,THP1,top128_unique_archive_by_composite,4.023716449737549,0.05750157300821797,3,3.1009859840075173,0.020036300889860637,3,1.691631971121236,0.05577183115382534,3,0.8215106350801697,0.0418700906313319,3
nodpsA_K8_div2p0,JURKAT,top128_by_target,8.309066454569498,0.06747369551000962,3,6.277078787485759,0.07726397462636997,3,1.6248635838400431,0.07923215607520885,3,0.9198550819836289,0.026229164838224732,3
nodpsA_K8_div2p0,JURKAT,top128_greedy_hamming_archive,8.504817326863607,0.03944327535900455,3,6.428131739298503,0.09166747451168314,3,1.4800570681363692,0.13011763440628724,3,0.9106111462251159,0.027110128190804404,3
nodpsA_K8_div2p0,JURKAT,top128_map_dpp_archive,8.172260920206705,0.10246717310716334,3,6.368758360544841,0.0493477937469207,3,1.7575722642062725,0.006372245206961903,3,0.9348826676610701,0.0052385625280532795,3
nodpsA_K8_div2p0,JURKAT,top128_unique_archive_by_composite,8.343279838562012,0.0855031743544222,3,6.563386122385661,0.04188842791926438,3,1.5806947558609687,0.08259576781208576,3,0.9164361272328457,0.01774763511004603,3
nodpsA_K8_div2p0,K562,top128_by_target,7.004458904266357,0.014177143283948488,3,4.685521125793457,0.05778132894048147,3,1.6832359377159516,0.021377991514241166,3,0.8267983216927579,0.03099021563019398,3
nodpsA_K8_div2p0,K562,top128_greedy_hamming_archive,7.147456328074138,0.002039530930617444,3,4.776016314824422,0.0724563057292006,3,1.5843739679745863,0.056314149350470945,3,0.8120471572301596,0.04847310611345323,3
nodpsA_K8_div2p0,K562,top128_map_dpp_archive,6.483092149098714,0.021536418596970888,3,4.928524335225423,0.00931896889443054,3,1.8341764886772294,0.018037827864673926,3,0.8470242147877963,0.040148946783440186,3
nodpsA_K8_div2p0,K562,top128_unique_archive_by_composite,6.60565710067749,0.04896880518096206,3,5.131166100502014,0.02673424807962994,3,1.4970137800979362,0.08779804887670874,3,0.8149968012460759,0.04532555370677721,3
nodpsA_K8_div2p0,THP1,top128_by_target,4.514090061187744,0.03195492352158375,3,2.451685587565104,0.0886365331245921,3,1.6441380509604444,0.12966590225652125,3,0.7880781907167954,0.03937892764663841,3
nodpsA_K8_div2p0,THP1,top128_greedy_hamming_archive,4.630495707194011,0.02115260076310739,3,2.4612465699513755,0.06944847454481386,3,1.5531191659243528,0.04736931904855933,3,0.7905490809820735,0.04392586068707641,3
nodpsA_K8_div2p0,THP1,top128_map_dpp_archive,3.8139595985412598,0.05633448047198687,3,2.891654630502065,0.011712819696076475,3,1.9044798580551847,0.004427566445539643,3,0.8557252383776998,0.008687334573703217,3
nodpsA_K8_div2p0,THP1,top128_unique_archive_by_composite,3.9919599692026773,0.12709566888849957,3,3.0811975399653115,0.007893533153028078,3,1.5707524147113332,0.11729109544122507,3,0.7951594831780615,0.05711707575979702,3
nodpsA_K8_div3p0,JURKAT,top128_by_target,8.342830022176107,0.0958873738644225,3,6.294389486312866,0.0955948769025552,3,1.614194446661089,0.1536663274073503,3,0.9333939137991064,0.0008709888016783,3
nodpsA_K8_div3p0,JURKAT,top128_greedy_hamming_archive,8.527838389078775,0.0914611158176096,3,6.461419582366943,0.0853572204979786,3,1.5047412956232893,0.1743996638581936,3,0.932792592727261,0.0028749633754781,3
nodpsA_K8_div3p0,JURKAT,top128_map_dpp_archive,8.21624724070231,0.1008223699897629,3,6.375312487284343,0.0823497776324179,3,1.7738044373242758,0.0134477837648971,3,0.9323877641050782,0.0053960398261169,3
nodpsA_K8_div3p0,JURKAT,top128_unique_archive_by_composite,8.381488800048828,0.080270626675978,3,6.572803854942322,0.0934733440626841,3,1.4992000159227332,0.0770775115426886,3,0.9254935275168992,0.0119838247223119,3
nodpsA_K8_div3p0,K562,top128_by_target,6.921879450480144,0.0139899287434066,3,4.592421690622966,0.0348329381346529,3,1.760939579694815,0.0490235530042055,3,0.8160974800419695,0.0389444928154751,3
nodpsA_K8_div3p0,K562,top128_greedy_hamming_archive,7.047651926676433,0.033125997805501,3,4.6501979033152265,0.0356324964814979,3,1.622669722617853,0.0856143894205584,3,0.8119836629009899,0.0212827320464513,3
nodpsA_K8_div3p0,K562,top128_map_dpp_archive,6.426759401957194,0.034490366016869,3,4.875902811686198,0.0204928195866671,3,1.8611790150301435,0.0136163108182992,3,0.8589546610211712,0.0107199260907527,3
nodpsA_K8_div3p0,K562,top128_unique_archive_by_composite,6.393269697825114,0.0697737003716483,3,5.164879242579143,0.0540162545918144,3,1.1734175999466328,0.221080918662015,3,0.744402660160917,0.0973083179309798,3
nodpsA_K8_div3p0,THP1,top128_by_target,4.458360354105632,0.0260593771568387,3,2.37211267153422,0.0733273004068751,3,1.7939331937131395,0.0731854162855377,3,0.786690105993561,0.0095459528967794,3
nodpsA_K8_div3p0,THP1,top128_greedy_hamming_archive,4.578597227732341,0.0354347467972102,3,2.27521014213562,0.0996745137308322,3,1.651841176659374,0.2178593820272284,3,0.7925711592487975,0.0355002928819794,3
nodpsA_K8_div3p0,THP1,top128_map_dpp_archive,3.797254323959351,0.0543410862461785,3,2.8719340562820435,0.0350915138268301,3,1.9224124553146105,0.0088902301586894,3,0.8445608893115275,0.0096928757426972,3
nodpsA_K8_div3p0,THP1,top128_unique_archive_by_composite,3.90966534614563,0.0628214984447642,3,3.034260551134745,0.0586780166009376,3,1.7280282152735011,0.1099207013178597,3,0.8288425791650562,0.0281520349609876,3
nodpsA_K8_latek80_b10,JURKAT,top128_by_target,7.4408753712972,0.2766305861406997,3,5.395858645439148,0.0918064838310206,3,1.0673801443904978,0.2909729042859501,3,0.915204426190357,0.0226581704469912,3
nodpsA_K8_latek80_b10,JURKAT,top128_greedy_hamming_archive,7.499071756998698,0.288469570580672,3,5.434746066729228,0.094853419148169,3,1.0312989920301308,0.3757399504350294,3,0.9105120451592436,0.02847162476869,3
nodpsA_K8_latek80_b10,JURKAT,top128_map_dpp_archive,7.021450360616048,0.1336736705904134,3,5.245151003201802,0.0792692004224564,3,1.5931685512340923,0.1398144327048217,3,0.9526581211156095,0.01125891295224,3
nodpsA_K8_latek80_b10,JURKAT,top128_unique_archive_by_composite,7.318368593851726,0.2168683992009721,3,5.556412537892659,0.0760473067502288,3,1.1513775948037928,0.169824825589485,3,0.9216129849391224,0.0167106071481507,3
nodpsA_K8_latek80_b10,K562,top128_by_target,6.317308108011882,0.1246507404118169,3,4.007480939229329,0.052140632830311,3,1.297414603477016,0.1339194730909046,3,0.8835528833898622,0.0421114326189995,3
nodpsA_K8_latek80_b10,K562,top128_greedy_hamming_archive,6.396677176157634,0.1044655623111959,3,4.060063600540161,0.0574455770570119,3,1.2534227989122793,0.1331660175698922,3,0.881463211282881,0.0392102524366327,3
nodpsA_K8_latek80_b10,K562,top128_map_dpp_archive,5.749571323394775,0.042039368098335,3,4.033701300621033,0.077781296895308,3,1.682515002423823,0.0408844154156391,3,0.8996325256217365,0.0334497286478428,3
nodpsA_K8_latek80_b10,K562,top128_unique_archive_by_composite,6.0284779866536455,0.1009650377332224,3,4.3128360112508135,0.1311387349261765,3,1.0924899169177928,0.2971875656943381,3,0.8702220730286948,0.0673011555733126,3
nodpsA_K8_latek80_b10,THP1,top128_by_target,4.031920194625855,0.0783375491621833,3,1.4518760045369463,0.1512691010470831,3,0.800813362304767,0.0619561588637896,3,0.7184815182937738,0.0410179657493986,3
nodpsA_K8_latek80_b10,THP1,top128_greedy_hamming_archive,4.121350765228272,0.1055216124761142,3,1.4634905656178792,0.1507834648418877,3,0.7312868417068766,0.0872279133628596,3,0.7085239452311362,0.039124974336864,3
nodpsA_K8_latek80_b10,THP1,top128_map_dpp_archive,3.035824616750081,0.0191420789228116,3,1.935701886812846,0.0583510276517583,3,1.843517711931245,0.0088497911066101,3,0.9588032490649072,0.0040838231882916,3
nodpsA_K8_latek80_b10,THP1,top128_unique_archive_by_composite,3.0635323524475098,0.0570231553089407,3,2.2062255144119263,0.0958876382952268,3,1.438271552056969,0.004699058210666,3,0.8915108503631662,0.0048091173352789,3
nodpsA_K8_latek80_b25,JURKAT,top128_by_target,7.924817085266113,0.1400127267104141,3,5.812695622444153,0.0853048816910198,3,1.0273097621958585,0.1027821344035839,3,0.9211490017925048,0.0146148202454671,3
nodpsA_K8_latek80_b25,JURKAT,top128_greedy_hamming_archive,8.017983754475912,0.1496851884097945,3,5.880075454711914,0.1010604851596609,3,0.9419486548201792,0.0623700692960667,3,0.9168868255009348,0.0123167334706622,3
nodpsA_K8_latek80_b25,JURKAT,top128_map_dpp_archive,7.558452288309733,0.099679461604509,3,5.713604768117269,0.0127725720380673,3,1.4434226275643691,0.0698449118008217,3,0.936118312190232,0.0078879948449192,3
nodpsA_K8_latek80_b25,JURKAT,top128_unique_archive_by_composite,7.846617698669434,0.1441145083592105,3,6.0031025012334185,0.0671576423795963,3,1.1189669386418726,0.1809463259104397,3,0.9208376132159533,0.0176981295521366,3
nodpsA_K8_latek80_b25,K562,top128_by_target,6.655285040537517,0.0530067571248489,3,4.332075357437134,0.0648052886691466,3,1.2368823120188872,0.1807818699855029,3,0.8822966334190844,0.0392379319202699,3
nodpsA_K8_latek80_b25,K562,top128_greedy_hamming_archive,6.725879192352295,0.0400290056591233,3,4.354841232299805,0.0691586206385679,3,1.1996478564188098,0.2005429231525151,3,0.8771205745463998,0.0406657055372796,3
nodpsA_K8_latek80_b25,K562,top128_map_dpp_archive,6.157500108083089,0.0676412194960577,3,4.418976942698161,0.0922310447384658,3,1.570526932929034,0.0433086597210265,3,0.8957109847737943,0.042457708055154,3
nodpsA_K8_latek80_b25,K562,top128_unique_archive_by_composite,6.298182805379232,0.0809599161762718,3,4.678607781728108,0.147949652396262,3,1.1329962380798564,0.2795308637730548,3,0.8605842905039341,0.0476968102836653,3
nodpsA_K8_latek80_b25,THP1,top128_by_target,4.241254647572835,0.1314902039541626,3,1.816908359527588,0.0201229789364732,3,1.2688052152768778,0.215633039645,3,0.7920841593537725,0.0899169260343996,3
nodpsA_K8_latek80_b25,THP1,top128_greedy_hamming_archive,4.336049874623616,0.1024720010295101,3,1.7221051851908369,0.1667910310076343,3,1.0837473601427667,0.1396372268227561,3,0.7478206339931837,0.0445216580953383,3
nodpsA_K8_latek80_b25,THP1,top128_map_dpp_archive,3.2876154581705728,0.0776285260442547,3,2.339777668317159,0.1163827209093803,3,1.73019439417929,0.0400056047030308,3,0.9204473793104294,0.0091680922254613,3
nodpsA_K8_latek80_b25,THP1,top128_unique_archive_by_composite,3.5186500549316406,0.1602025989972871,3,2.582716623942057,0.1057769888258347,3,1.2988920469523877,0.0414813356078481,3,0.8123850412372843,0.0968295048303392,3
nodpsA_K8_latek80_b50,JURKAT,top128_by_target,8.21429189046224,0.1316028927176888,3,6.113107283910115,0.0911743045850029,3,1.1461615505631764,0.1486655784319542,3,0.9242753461764148,0.0025831463386406,3
nodpsA_K8_latek80_b50,JURKAT,top128_greedy_hamming_archive,8.344185511271158,0.150140711340141,3,6.226161440213521,0.1182850805369538,3,1.018359413265513,0.1672443521612895,3,0.922330657831678,0.0056566929316774,3
nodpsA_K8_latek80_b50,JURKAT,top128_map_dpp_archive,7.951072216033935,0.1220852992694679,3,6.097952008247376,0.0630722157336068,3,1.418198488965646,0.0539267262466106,3,0.9332309967031596,0.0070698891778399,3
nodpsA_K8_latek80_b50,JURKAT,top128_unique_archive_by_composite,8.181063334147135,0.1645792234099699,3,6.361423015594482,0.0602848082096469,3,1.029599164842621,0.1011117895848562,3,0.9245699157883188,0.0068991023080894,3
nodpsA_K8_latek80_b50,K562,top128_by_target,6.893521785736084,0.0687691491391596,3,4.561676502227783,0.0756758838423593,3,1.2540380584515314,0.167131146673045,3,0.8515700427478992,0.0640437975080377,3
nodpsA_K8_latek80_b50,K562,top128_greedy_hamming_archive,6.97135051091512,0.07394896884565,3,4.571219205856323,0.0676208866459091,3,1.2300684828020885,0.2084652419488024,3,0.84624145017098,0.0687394904289823,3
nodpsA_K8_latek80_b50,K562,top128_map_dpp_archive,6.370882511138916,0.1032347573550746,3,4.685715277989705,0.1414954832148811,3,1.5020832879055883,0.1206609799225839,3,0.8798753799974546,0.0514376724125318,3
nodpsA_K8_latek80_b50,K562,top128_unique_archive_by_composite,6.51512877146403,0.104935993962388,3,4.894190073013306,0.1698064507613852,3,1.260662372613752,0.1958311835276819,3,0.8747105809449173,0.0471590775621684,3
nodpsA_K8_latek80_b50,THP1,top128_by_target,4.415144602457683,0.0436842090461936,3,2.334664980570475,0.1045878884648626,3,1.1696716603901156,0.220176048156841,3,0.7369725494434837,0.1125279625695358,3
nodpsA_K8_latek80_b50,THP1,top128_greedy_hamming_archive,4.508575280507405,0.0830232975562639,3,2.2843662103017173,0.1150488656154203,3,1.1148024082689956,0.0984113397380219,3,0.7098110526606639,0.1378074819337639,3
nodpsA_K8_latek80_b50,THP1,top128_map_dpp_archive,3.675506909688314,0.1968748848620331,3,2.7195828358332315,0.0249069394605702,3,1.5822400187421195,0.0777264322172306,3,0.8327043102214762,0.1056030522716816,3
nodpsA_K8_latek80_b50,THP1,top128_unique_archive_by_composite,3.935133457183838,0.0841769212495697,3,2.9670532743136087,0.0314530640780559,3,0.9373693815768676,0.0375701084282506,3,0.740879118443222,0.1159129091141855,3
univ_K1,JURKAT,top128_by_target,7.261541525522868,0.1759601788456495,3,5.295269727706909,0.1071663694240774,3,1.446366290107732,0.0901051272159634,3,0.9273097041618582,0.0211216860670685,3
univ_K1,JURKAT,top128_greedy_hamming_archive,7.772817452748616,0.0524523016629034,3,5.716928561528524,0.0689857508760686,3,1.3201860565895778,0.2115715561944689,3,0.902428451035386,0.0532009310170862,3
univ_K1,JURKAT,top128_map_dpp_archive,7.319594701131185,0.0853641991847026,3,5.517712235450745,0.0554503782606619,3,1.660643138785037,0.0255366518844624,3,0.9419485509546422,0.0090944129329193,3
univ_K1,JURKAT,top128_unique_archive_by_composite,7.666740258534749,0.0515296864574469,3,5.802583336830139,0.0466702446865093,3,1.3280971964144366,0.1789592539979596,3,0.8993563110379376,0.0390061937725012,3
univ_K1,K562,top128_by_target,6.4196670850118,0.0568929133232655,3,4.183594862620036,0.0431234780697397,3,1.5334422964654555,0.1245230820578322,3,0.870232041140213,0.0097625334899572,3
univ_K1,K562,top128_greedy_hamming_archive,6.690754413604736,0.0184551710929476,3,4.319942156473796,0.0623046326252478,3,1.482417694469867,0.044315783084187,3,0.8669593824890806,0.0081151922242288,3
univ_K1,K562,top128_map_dpp_archive,6.08768351872762,0.0327444395690843,3,4.450328350067139,0.0512626132135387,3,1.7542902699649428,0.0341363172034835,3,0.8609313500872723,0.0232180347920995,3
univ_K1,K562,top128_unique_archive_by_composite,6.157761255900065,0.0266042981090729,3,4.62465226650238,0.0387988106541297,3,1.5181982674571042,0.0382443831905575,3,0.8228270974018758,0.041995241358283,3
univ_K1,THP1,top128_by_target,4.052873134613037,0.1437590304053091,3,2.0914787451426187,0.1102944045272142,3,1.462323675702173,0.0383077304620461,3,0.8261157587408335,0.0546196470402654,3
univ_K1,THP1,top128_greedy_hamming_archive,4.344526926676433,0.0863245737000727,3,2.1606748898824057,0.1789773502065981,3,1.39492778944148,0.0284424535158774,3,0.8111058961399941,0.0525309995384305,3
univ_K1,THP1,top128_map_dpp_archive,3.442502975463867,0.2293513288820263,3,2.5990926225980124,0.0964198976122828,3,1.7251839344635231,0.0824371358749245,3,0.8646821832686298,0.0374547820724935,3
univ_K1,THP1,top128_unique_archive_by_composite,3.6881865660349527,0.2402280811049395,3,2.82389372587204,0.1251296207672537,3,1.289062674382859,0.1983780633089463,3,0.8046300224186322,0.0807813861179089,3
univ_K4,JURKAT,top128_by_target,8.130239804585775,0.0793284227183547,3,6.094806432723999,0.0500840541675598,3,1.297470678458317,0.0340841471259244,3,0.922479140118258,0.0063141351601347,3
univ_K4,JURKAT,top128_greedy_hamming_archive,8.392619132995605,0.0118735899741135,3,6.266740798950195,0.0725443757649463,3,1.2643574388014829,0.1228457338420918,3,0.9042020800568364,0.031624482589624,3
univ_K4,JURKAT,top128_map_dpp_archive,8.027045249938965,0.0699063621045327,3,6.203665971755981,0.0168306550246091,3,1.5389316356916565,0.0501395242219023,3,0.9296063309476597,0.002779661528134,3
univ_K4,JURKAT,top128_unique_archive_by_composite,8.197465578715006,0.0624963490821952,3,6.442358215649922,0.0213039511706297,3,1.2858853407886552,0.122961103627449,3,0.9207295461900517,0.0054811320215513,3
univ_K4,K562,top128_by_target,6.951189994812012,0.0400966869058667,3,4.707418759663899,0.0655422294933648,3,1.3546930873419474,0.1485717776997349,3,0.7906727533212784,0.0517306606661297,3
univ_K4,K562,top128_greedy_hamming_archive,7.102449258168538,0.0135251233739112,3,4.767081658045451,0.0765087285509074,3,1.3292818855655448,0.0957507926380481,3,0.8180543961382972,0.0193191136402019,3
univ_K4,K562,top128_map_dpp_archive,6.454544862111409,0.0415900422955545,3,4.891091863314311,0.0595293742954731,3,1.6605924551716598,0.0622433905294165,3,0.8540789366042324,0.0016057844884043,3
univ_K4,K562,top128_unique_archive_by_composite,6.639170964558919,0.05349331569721,3,5.1280570824941,0.0890750169594627,3,1.2317418806527909,0.1788897561946487,3,0.7800390426462238,0.0827045170186609,3
univ_K4,THP1,top128_by_target,4.346012592315674,0.0953561842711359,3,2.30458394686381,0.0725657494550134,3,1.4181879962437045,0.1047278190522999,3,0.8544464932739101,0.0220959949708854,3
univ_K4,THP1,top128_greedy_hamming_archive,4.527044137318929,0.0765640091940902,3,2.290506919225057,0.1400894432256913,3,1.3816980811648305,0.100227138571071,3,0.8369911109702796,0.0349580478604425,3
univ_K4,THP1,top128_map_dpp_archive,3.777363777160645,0.1121040315319256,3,2.849467714627584,0.0555899537319942,3,1.649508010747062,0.0882533620780259,3,0.8716756672697233,0.0255995368136069,3
univ_K4,THP1,top128_unique_archive_by_composite,3.9290647506713863,0.099871392577229,3,3.032502591609955,0.068439576050962,3,1.289420165485389,0.1365221306501411,3,0.8520667503576703,0.0267174527983787,3
univ_K8_beta50,JURKAT,top128_by_target,8.21429189046224,0.1316028927176888,3,6.113107283910115,0.0911743045850029,3,1.1461615505631764,0.1486655784319542,3,0.9242753461764148,0.0025831463386406,3
univ_K8_beta50,JURKAT,top128_greedy_hamming_archive,8.344185511271158,0.150140711340141,3,6.226161440213521,0.1182850805369538,3,1.018359413265513,0.1672443521612895,3,0.922330657831678,0.0056566929316774,3
univ_K8_beta50,JURKAT,top128_map_dpp_archive,7.951072216033935,0.1220852992694679,3,6.097952008247376,0.0630722157336068,3,1.418198488965646,0.0539267262466106,3,0.9332309967031596,0.0070698891778399,3
univ_K8_beta50,JURKAT,top128_unique_archive_by_composite,8.181063334147135,0.1645792234099699,3,6.361423015594482,0.0602848082096469,3,1.029599164842621,0.1011117895848562,3,0.9245699157883188,0.0068991023080894,3
univ_K8_beta50,K562,top128_by_target,6.893521785736084,0.0687691491391596,3,4.561676502227783,0.0756758838423593,3,1.2540380584515314,0.167131146673045,3,0.8515700427478992,0.0640437975080377,3
univ_K8_beta50,K562,top128_greedy_hamming_archive,6.97135051091512,0.07394896884565,3,4.571219205856323,0.0676208866459091,3,1.2300684828020885,0.2084652419488024,3,0.84624145017098,0.0687394904289823,3
univ_K8_beta50,K562,top128_map_dpp_archive,6.370882511138916,0.1032347573550746,3,4.685715277989705,0.1414954832148811,3,1.5020832879055883,0.1206609799225839,3,0.8798753799974546,0.0514376724125318,3
univ_K8_beta50,K562,top128_unique_archive_by_composite,6.51512877146403,0.104935993962388,3,4.894190073013306,0.1698064507613852,3,1.260662372613752,0.1958311835276819,3,0.8747105809449173,0.0471590775621684,3
univ_K8_beta50,THP1,top128_by_target,4.415144602457683,0.0436842090461936,3,2.334664980570475,0.1045878884648626,3,1.1696716603901156,0.220176048156841,3,0.7369725494434837,0.1125279625695358,3
univ_K8_beta50,THP1,top128_greedy_hamming_archive,4.508575280507405,0.0830232975562639,3,2.2843662103017173,0.1150488656154203,3,1.1148024082689956,0.0984113397380219,3,0.7098110526606639,0.1378074819337639,3
univ_K8_beta50,THP1,top128_map_dpp_archive,3.675506909688314,0.1968748848620331,3,2.7195828358332315,0.0249069394605702,3,1.5822400187421195,0.0777264322172306,3,0.8327043102214762,0.1056030522716816,3
univ_K8_beta50,THP1,top128_unique_archive_by_composite,3.935133457183838,0.0841769212495697,3,2.9670532743136087,0.0314530640780559,3,0.9373693815768676,0.0375701084282506,3,0.740879118443222,0.1159129091141855,3
univ_K8_slowanneal,JURKAT,top128_by_target,8.438145637512207,0.0625577678714041,3,6.306278944015503,0.0637804143799932,3,1.1406860150179596,0.0370180283878697,3,0.911460142694149,0.0194157182031562,3
univ_K8_slowanneal,JURKAT,top128_greedy_hamming_archive,8.597174644470215,0.0732438753909587,3,6.428049564361572,0.0802647477558929,3,1.0394413908457818,0.0421834808747243,3,0.907486279549438,0.0226660475865579,3
univ_K8_slowanneal,JURKAT,top128_map_dpp_archive,8.225391387939453,0.072732474748571,3,6.372786521911621,0.0395625040653397,3,1.43081967818432,0.0302516595470618,3,0.9295629690131304,0.0013219990279506,3
univ_K8_slowanneal,JURKAT,top128_unique_archive_by_composite,8.442232131958008,0.1056998046468492,3,6.578541358311971,0.0601365170217688,3,1.0569181195765351,0.1400699499084003,3,0.9016829420866976,0.0344415692048315,3
univ_K8_slowanneal,K562,top128_by_target,6.998841126759847,0.0310302055897092,3,4.719310919443767,0.06720006013833,3,1.2837168731070063,0.1398427978296191,3,0.8264720857484971,0.0623034086638353,3
univ_K8_slowanneal,K562,top128_greedy_hamming_archive,7.122427304585774,0.0221231866690391,3,4.77018411954244,0.0511178861995989,3,1.2074541746880345,0.1044982827649399,3,0.8184688984974873,0.080074018365237,3
univ_K8_slowanneal,K562,top128_map_dpp_archive,6.564117749532064,0.1061528261351997,3,4.920949379603068,0.1680603623681959,3,1.560068568351813,0.1031162837413512,3,0.866386976239864,0.0508557071243969,3
univ_K8_slowanneal,K562,top128_unique_archive_by_composite,6.702829202016194,0.1116832968645393,3,5.109711249669393,0.2010498404580422,3,1.197527150391049,0.0637179409547256,3,0.8427655639074287,0.0548982692576969,3
univ_K8_slowanneal,THP1,top128_by_target,4.538229147593181,0.030329523329252,3,2.525134007136027,0.0588213562007285,3,1.3746181743777786,0.0533229387290962,3,0.7941544523090928,0.0598749460335874,3
univ_K8_slowanneal,THP1,top128_greedy_hamming_archive,4.654706001281738,0.0128467374545589,3,2.46746826171875,0.1092675488432304,3,1.296887230726382,0.1505814943565057,3,0.7602177916774261,0.0941402835253238,3
univ_K8_slowanneal,THP1,top128_map_dpp_archive,3.9374879201253257,0.0152385624742291,3,2.9758816361427307,0.0342580524173537,3,1.5378401433911515,0.1014676433982292,3,0.8113075152134647,0.0793445704149166,3
univ_K8_slowanneal,THP1,top128_unique_archive_by_composite,4.119640668233235,0.0411983810221604,3,3.162266731262207,0.0353188154197713,3,1.2702368873701324,0.0434591728815282,3,0.7870158857313446,0.0740774097366968,3
univ_K8_substeps2,JURKAT,top128_by_target,6.040808995564778,0.0990724837180769,3,4.281459172566732,0.086596823990684,3,1.7552030235453195,0.0279364214443725,3,0.9544341033437264,0.0047512958317409,3
univ_K8_substeps2,JURKAT,top128_greedy_hamming_archive,6.945306777954102,0.0293947463079944,3,4.964455922444661,0.0225381345661969,3,1.7198473699074095,0.0250887279593926,3,0.9547922586833734,0.0034089043602727,3
univ_K8_substeps2,JURKAT,top128_map_dpp_archive,6.68789529800415,0.0420623920425972,3,4.938772161801656,0.0324147057750245,3,1.7933967116092762,0.0181799000171321,3,0.9569360185476022,0.0026922686932303,3
univ_K8_substeps2,JURKAT,top128_unique_archive_by_composite,6.840760072072347,0.046881816335346,3,5.047114928563436,0.0308994626668281,3,1.7126823503722397,0.0357569215845501,3,0.9542097485699969,0.001625084303655,3
univ_K8_substeps2,K562,top128_by_target,4.924610455830892,0.335457932383766,3,3.3545077244440717,0.0537978856255859,3,1.813114315033864,0.0477448810766492,3,0.9510097434705748,0.0083366654328326,3
univ_K8_substeps2,K562,top128_greedy_hamming_archive,5.949422836303711,0.366085323162188,3,3.7304700215657554,0.2513496351152242,3,1.7437443845733214,0.0174131491313871,3,0.8592288687334048,0.0577534224023558,3
univ_K8_substeps2,K562,top128_map_dpp_archive,5.219857056935628,0.4511604735723071,3,4.007974088191986,0.0713180948787501,3,1.8764105550568664,0.0067129078181163,3,0.9547301633809864,0.0126774498666151,3
univ_K8_substeps2,K562,top128_unique_archive_by_composite,5.3667551676432295,0.563164928425544,3,4.060982584953308,0.0719360868507938,3,1.8244706073300627,0.0262154209641217,3,0.943972470411774,0.0284003462333185,3
univ_K8_substeps2,THP1,top128_by_target,3.367604891459147,0.0442337572965294,3,1.402897795041402,0.0209452210475363,3,1.864062711253312,0.0124319023344368,3,0.9038874738251018,0.013045910418552,3
univ_K8_substeps2,THP1,top128_greedy_hamming_archive,3.982015530268351,0.0346258423283089,3,1.6649948755900066,0.0301730973396356,3,1.8300927143620955,0.0271009791383273,3,0.8775018855682974,0.0231763670208124,3
univ_K8_substeps2,THP1,top128_map_dpp_archive,3.1113625367482505,0.0262786233821497,3,2.165030221144358,0.0071748050435891,3,1.9105210524065164,0.0118171219459124,3,0.902250558283614,0.0043748825809165,3
univ_K8_substeps2,THP1,top128_unique_archive_by_composite,3.222287178039551,0.0209119722729731,3,2.243691702683767,0.0256240997702955,3,1.85903865360216,0.0097710526004925,3,0.9001234780251731,0.0222808282130157,3
univ_K8_substeps3,JURKAT,top128_by_target,4.6336517333984375,0.0894529059848417,3,3.2540473143259683,0.0833344442566441,3,1.8455295178067204,0.0256749285087089,3,0.9617547398288,0.0059685225395723,3
univ_K8_substeps3,JURKAT,top128_greedy_hamming_archive,6.127955595652263,0.1760070460673421,3,4.287531892458598,0.1183972848869617,3,1.777198898140097,0.0489436109500431,3,0.9584967031722144,0.0066946432503232,3
univ_K8_substeps3,JURKAT,top128_map_dpp_archive,5.805900096893311,0.1104356100809719,3,4.2286927700042725,0.0774543181053894,3,1.8556670235943256,0.0077140493487259,3,0.9608814501402276,0.0046044542849469,3
univ_K8_substeps3,JURKAT,top128_unique_archive_by_composite,6.020403703053792,0.1837341166872167,3,4.360324223836263,0.118546012331628,3,1.771232607091853,0.04827851585455,3,0.9581998687833662,0.007134037636443,3
univ_K8_substeps3,K562,top128_by_target,4.2910871505737305,0.0481977369715527,3,2.962129433949789,0.0624312273826251,3,1.8639581228711364,0.0067170239531279,3,0.962083358597566,0.0045486525922957,3
univ_K8_substeps3,K562,top128_greedy_hamming_archive,5.069159030914307,0.1237977852599027,3,3.3683337370554605,0.0560159342193535,3,1.848780430756953,0.030129904450929,3,0.9564336090927704,0.017536607917827,3
univ_K8_substeps3,K562,top128_map_dpp_archive,4.640912373860677,0.0672602339443145,3,3.6711347897847495,0.0125629286649648,3,1.8950342095956147,0.0068288176570833,3,0.961599071201402,0.0057741123013183,3
univ_K8_substeps3,K562,top128_unique_archive_by_composite,4.688344955444336,0.0823901493597418,3,3.707541942596436,0.0179516435372095,3,1.8756810184455028,0.0052735735143666,3,0.9601487667589184,0.0033612149585344,3
univ_K8_substeps3,THP1,top128_by_target,2.835888306299845,0.0550932478485953,3,1.1189208428064985,0.0519632789161225,3,1.8743166451511268,0.0190251154965737,3,0.9255011672575588,0.0179919770640337,3
univ_K8_substeps3,THP1,top128_greedy_hamming_archive,3.6332526206970215,0.0738454277062753,3,1.4319807688395183,0.0677887920066225,3,1.877804014564864,0.0119744092306906,3,0.8976710241975733,0.0170147515170968,3
univ_K8_substeps3,THP1,top128_map_dpp_archive,2.92825714747111,0.0343898049736217,3,1.891356110572815,0.01864449412285,3,1.9165235650333987,0.0015587821815947,3,0.9146577351772178,0.0209555747927587,3
univ_K8_substeps3,THP1,top128_unique_archive_by_composite,3.0056344668070474,0.0816875814322801,3,1.9630347887674968,0.0406875837335981,3,1.878878000548038,0.0172665474552459,3,0.9124897670478884,0.0155698571827589,3
univ_K8_substeps4,JURKAT,top128_by_target,4.037320534388225,0.0566524569583,3,2.852929393450419,0.0446532672743883,3,1.885661405773579,0.0072804913970309,3,0.9504964214680204,0.004412283751848,3
univ_K8_substeps4,JURKAT,top128_greedy_hamming_archive,5.364583333333333,0.1043539825373785,3,3.757649064064026,0.0680027365318918,3,1.8413182838575783,0.0164808494455757,3,0.962041797683344,0.004851692630746,3
univ_K8_substeps4,JURKAT,top128_map_dpp_archive,5.317601203918457,0.058752281185189,3,3.7347939014434814,0.0305190821224416,3,1.8548086216741844,0.0157882345941922,3,0.9622588963679152,0.0043044373463973,3
univ_K8_substeps4,JURKAT,top128_unique_archive_by_composite,5.349236488342285,0.0937575519991606,3,3.7794155279795327,0.0768589966279781,3,1.8441089853266928,0.0159376487600221,3,0.9621431456506008,0.0045953687618774,3
univ_K8_substeps4,K562,top128_by_target,3.899013121922811,0.0710484090965253,3,2.6668612559636435,0.0130275126961466,3,1.8790554885756563,0.0056059048292204,3,0.9694166080705316,0.0057179906888946,3
univ_K8_substeps4,K562,top128_greedy_hamming_archive,4.736140251159668,0.0297533578474741,3,3.225068688392639,0.0151347652560531,3,1.8763878008885195,0.0105506449107778,3,0.9653793950956864,0.0061122913648725,3
univ_K8_substeps4,K562,top128_map_dpp_archive,4.461620966593425,0.0226461820144236,3,3.4292011658350625,0.0119641982577322,3,1.896774502580538,0.0012456874733212,3,0.9607603068783376,0.0038918570775834,3
univ_K8_substeps4,K562,top128_unique_archive_by_composite,4.4977420171101885,0.0267778035585002,3,3.4695268074671426,0.0144360004163029,3,1.8794172825959905,0.0020017999753668,3,0.9602428258558404,0.003013518652713,3
univ_K8_substeps4,THP1,top128_by_target,2.467597325642904,0.0047622373005733,3,0.9186576207478842,0.0466343428242688,3,1.899919333734152,0.0128186569584345,3,0.9264000203725644,0.0216053734794657,3
univ_K8_substeps4,THP1,top128_greedy_hamming_archive,3.330200751622518,0.0287369682630344,3,1.2707217534383135,0.0172983918234554,3,1.8989473130537475,0.0073445823681155,3,0.920785678980698,0.0092196693708315,3
univ_K8_substeps4,THP1,top128_map_dpp_archive,2.84200914700826,0.0110230869499095,3,1.642684817314148,0.0183450546383018,3,1.9219330824524103,0.0029958830954155,3,0.9185658761514872,0.0058282473245573,3
univ_K8_substeps4,THP1,top128_unique_archive_by_composite,2.876631021499634,0.021694026218693,3,1.6963467597961426,0.017786402206175,3,1.8999683907659437,0.0071074127406229,3,0.9221560717409636,0.0143797015617504,3
