Matrix_id,0
ALX3,0.0001324580557727494
ARGFX,0.00020560653433382
ARNT2,0.0005713489271391729
ARNT::HIF1A,0.0003548689703165451
ASCL1,0.005534572046803164
ATF2,0.0004527297727158152
ATF3,0.0004260404629705597
ATF4,0.0003054443226401461
ATF6,0.0005693719412321169
ATF7,0.0003706848575729928
ATOH7,0.0006454858986537714
Ahr::Arnt,0.0006622902788637471
Alx1,0.00021450297091557183
Alx4,0.00027776651994136257
Ar,0.0007334617715177617
Arid3a,0.0002520657031496351
Arid3b,0.0002510772101961071
Arid5a,0.00020659502728734798
Arnt,0.00047941908246107066
Arntl,0.0007364272503783457
Arx,0.0002836974776625305
Ascl2,0.0025008871724257913
Atf1,0.00028567446356958645
Atf3,0.0006039691946055963
Atoh1,0.000976631038085645
BACH1,0.0004033051250394162
BACH2,0.0011130430656725063
BARHL1,0.0002263648863579076
BARHL2,0.00020758352024087597
BARX1,0.00016606681619270078
BARX2,0.00014629695712214114
BATF,0.0007008415040513383
BATF3,0.0006099001523267642
BATF::JUN,0.000561463997603893
BCL11A,0.001183226065372993
BCL6,0.0006652557577243311
BCL6B,0.0006187965889085159
BHLHA15,0.0003865007448294405
BHLHE22,0.0025493233271486624
BHLHE23,0.0001799057175420925
BHLHE40,0.0006998530110978103
BHLHE41,0.0009479647424333336
BNC2,0.0008955746158963506
BSX,0.00016606681619270078
Bach1::Mafk,0.0011713641499306571
Bcl11B,0.0005555330398827251
Bhlha15,0.001901860442587835
CDX1,0.00026887008335961076
CDX2,0.0003054443226401461
CDX4,0.00027677802698783464
CEBPA,0.00037365033643357675
CEBPB,0.00038254677301532855
CEBPD,0.0004893040119963505
CEBPE,0.00038155828006180057
CEBPG,0.0006306585043508518
CLOCK,0.0005812338566744527
CREB1,0.0005387286596727495
CREB3,0.00040725909685352806
CREB3L1,0.0006939220533766425
CREB3L4,0.0014293608108014602
CREM,0.0007789324473800489
CTCF,0.010028261013541364
CTCFL,0.0034705987598367405
CUX1,0.0001640898302856448
CUX2,0.0001897906470773723
Creb3l2,0.0006632787718172751
Creb5,0.00026887008335961076
Crx,0.00013146956281922146
DBP,0.00021351447796204385
DLX1,0.0001324580557727494
DLX6,0.0001324580557727494
DMRT3,0.00023229584407907547
DMRTA1,0.0002204339286367397
DMRTA2,0.00021845694272968374
DMRTC2,0.00023130735112554751
DPRX,0.00024613474542846723
DRGX,0.0001324580557727494
DUX4,0.000257996660870803
DUXA,0.00029457090015133825
Ddit3::Cebpa,0.0005407056455798055
Dlx2,0.0002817204917554745
Dlx3,0.0001324580557727494
Dlx4,0.0001324580557727494
Dlx5,0.0002728240551737227
Dmbx1,0.00023229584407907547
Dmrt1,0.00029061692833722637
Dux,0.0003123637733148419
E2F1,0.001597404612901217
E2F2,0.0012138693469323605
E2F3,0.0004754651106469588
E2F4,0.0013670857547291974
E2F6,0.003247199352339417
E2F7,0.0006662442506778591
E2F8,0.0026372992000126528
EBF1,0.0032640037325493924
EBF3,0.0030445582968661807
EGR1,0.005495032328662045
EGR2,0.0028646525793240884
EGR3,0.004607365656393919
EGR4,0.005260759498675913
EHF,0.002197419835692701
ELF1,0.0020649617799199517
ELF2,0.0016507832323917279
ELF3,0.0022419020186014603
ELF4,0.0017605059502333337
ELK1,0.0013581893181474456
ELK1::HOXA1,0.0014026715010562046
ELK1::HOXB13,0.0009578496719686133
ELK1::SREBF2,0.001229685234188808
ELK3,0.0015806002326912412
ELK4,0.0020876971178510955
EMX1,0.0001324580557727494
EMX2,0.0001324580557727494
EN1,0.0001324580557727494
EN2,0.00023130735112554751
EOMES,0.0005298322230909977
EPAS1,0.0008965631088498786
ERF,0.0012682364593763994
ERF::FIGLA,0.0018059766260956208
ERF::FOXI1,0.0015519339370389299
ERF::FOXO1,0.0008540579118481754
ERF::HOXB13,0.0005753028989532848
ERF::NHLH1,0.0017753333445362535
ERF::SREBF2,0.0005555330398827251
ESR1,0.001123916488161314
ESR2,0.0016013585847153289
ESRRA,0.0005703604341856449
ESRRB,0.0005021544203922142
ESX1,0.0001650783232391728
ETS1,0.0014105794446844285
ETS2,0.0015796117397377132
ETV1,0.0017100928096034067
ETV2,0.0015193136695725064
ETV2::DRGX,0.0005288437301374697
ETV2::FIGLA,0.0022389365397408765
ETV2::FOXI1,0.0013492928815656937
ETV2::HOXB13,0.0004942464767639904
ETV3,0.00102309020690146
ETV4,0.0016013585847153289
ETV5,0.001437268754429684
ETV5::DRGX,0.0007898058698688566
ETV5::FIGLA,0.0022715568072073
ETV5::FOXI1,0.0011940994878618008
ETV5::FOXO1,0.0008767932497793189
ETV5::HOXA2,0.0007591625883094892
ETV6,0.0019779744000094895
ETV7,0.0020224565829182486
EVX1,0.0001294925769121655
EVX2,0.00013740052054038934
EWSR1-FLI1,0.003146373071079563
Ebf2,0.0026017134536856453
Ebf4,0.002884422438394648
Elf5,0.001538095035689538
Erg,0.0018959294848666672
Esrrg,0.0006197850818620439
FERD3L,0.0027549298614824823
FEV,0.0013997060221956207
FEZF2,0.0036584124210070567
FIGLA,0.0020283875406394165
FLI1,0.0012998682338892947
FLI1::DRGX,0.0007502661517277374
FLI1::FOXI1,0.0011980534596759127
FOS,0.0009370913199445258
FOS::JUN,0.0009608151508291973
FOS::JUNB,0.000515004828788078
FOS::JUND,0.0004023166320858882
FOSB::JUN,0.00041417854752822395
FOSB::JUNB,0.0009084250242922143
FOSL1,0.0006118771382338202
FOSL1::JUN,0.000820449151428224
FOSL1::JUNB,0.0005476250962545014
FOSL1::JUND,0.0010912962206948908
FOSL2,0.0007176458842613141
FOSL2::JUN,0.0008787702356863749
FOSL2::JUNB,0.0007759669685194649
FOSL2::JUND,0.000872839277965207
FOXA1,0.00024316926656788327
FOXA2,0.0002421807736143553
FOXA3,0.00020758352024087597
FOXB1,0.0002263648863579076
FOXC1,0.0002491002242890512
FOXC2,0.0002728240551737227
FOXD1,0.00025503118201021904
FOXD2,0.00025997364677785896
FOXD3,0.00032126020989659373
FOXE1,0.0002817204917554745
FOXF2,0.00020659502728734798
FOXG1,0.0002105489991014599
FOXH1,0.0003242256887571777
FOXI1,0.00023427282998613144
FOXJ2::ELF1,0.0013216150788669103
FOXK1,0.0002491002242890512
FOXK2,0.00021944543568321173
FOXL1,0.00025404268905669105
FOXN3,0.0002006640695661801
FOXO1::ELF1,0.0007176458842613141
FOXO1::ELK1,0.0012969027550287107
FOXO1::ELK3,0.0006968875322372265
FOXO1::FLI1,0.000722588349028954
FOXO4,0.00027974350584841854
FOXO6,0.0002836974776625305
FOXP1,0.00020659502728734798
FOXP2,0.0003222487028501217
FOXP3,0.0002629391256384429
FOXP4,0.00029457090015133825
FOXS1,0.000307421308547202
Foxf1,0.0002411922806608273
Foxj2,0.0003370760971530414
Foxj3,0.00023031885817201953
Foxl2,0.00025404268905669105
Foxn1,0.0010992041643231147
Foxo1,0.00031829473103600983
Foxo3,0.00025503118201021904
Foxq1,0.0002886399424301704
GABPA,0.0022082932581815092
GATA1,0.00023130735112554751
GATA1::TAL1,0.0002827089847090025
GATA2,0.0002204339286367397
GATA4,0.0004744766176934308
GATA5,0.00018385968935620442
GATA6,0.00032521418171070567
GBX1,0.00019374461889148424
GBX2,0.0001324580557727494
GCM1,0.0013127186422851585
GCM2,0.0014550616275931876
GFI1,0.00044482182908759136
GLI3,0.0017871952599785893
GLIS1,0.001600370091761801
GLIS2,0.0030564202123085165
GLIS3,0.0020293760335929447
GMEB2,0.00019967557661265212
GRHL1,0.0002629391256384429
GRHL2,0.00046063771634403906
GSC,0.00017100928096034067
GSC2,0.00017100928096034067
GSX1,0.0001324580557727494
GSX2,0.00019967557661265212
Gata3,0.0005229127724163019
Gfi1B,0.0008174836725676401
Gli1,0.0016072895424364968
Gli2,0.0021341562866669106
Gmeb1,8.797587286399029e-05
HAND2,0.0005090738710669101
HES1,0.0012959142620751827
HES2,0.0012178233187464724
HES5,0.0018771481187496355
HES6,0.0008342880527776158
HES7,0.001547979965224818
HESX1,0.0001324580557727494
HEY1,0.0015183251766189784
HEY2,0.0010181477421338202
HIC2,0.0015697268102024334
HIF1A,0.0003449840407812653
HINFP,0.002617529340942093
HLF,0.00021351447796204385
HMBOX1,0.00016705530914622876
HNF1A,0.00015815887256447693
HNF1B,0.00015222791484330905
HNF4A,0.0014036599940097326
HNF4G,0.0007473006728671535
HOXA1,6.326354902579077e-05
HOXA10,0.0002421807736143553
HOXA2,0.00013740052054038934
HOXA3,0.00019374461889148424
HOXA4,0.00015717037961094895
HOXA5,0.00035783444917712905
HOXA6,0.00022438790045085162
HOXA7,0.0002016525625197081
HOXA9,0.00013146956281922146
HOXB1,0.0002214224215902677
HOXB13,0.0003855122518759125
HOXB2,0.0001324580557727494
HOXB2::ELK1,0.001072514854577859
HOXB3,0.00013740052054038934
HOXB4,0.00013740052054038934
HOXB5,0.00013740052054038934
HOXB6,0.00014234298530802923
HOXB7,0.00019671009775206816
HOXB8,0.00023921529475377134
HOXB9,0.00018682516821678837
HOXC10,0.00016606681619270078
HOXC11,0.00016804380209975672
HOXC12,0.00017298626686739664
HOXC13,0.0002481117313355232
HOXC4,0.00013740052054038934
HOXC8,0.0001324580557727494
HOXC9,0.00021845694272968374
HOXD10,0.0002253763934043796
HOXD11,0.0001650783232391728
HOXD12,0.00017694023868150855
HOXD12::ELK1,0.00043889087136642345
HOXD3,0.00025997364677785896
HOXD4,0.00013740052054038934
HOXD8,0.00023921529475377134
HOXD9,0.00024316926656788327
HSF1,0.0005080853781133821
HSF2,0.0006306585043508518
HSF4,0.000613854124140876
Hand1,0.002255740919950852
Hand1::Tcf3,0.0009351143340374698
Hic1,0.0012543975580270076
Hmga1,0.0003449840407812653
Hmx1,0.0003044558296866181
Hmx2,0.00030050185787250616
Hmx3,0.0002738125481272507
Hnf1A,0.0006573478140961072
Hoxa11,0.00016804380209975672
Hoxa13,0.00032620267466423365
Hoxd13,0.0002520657031496351
IKZF1,0.0014254068389873483
IKZF2,0.0015272216132007303
INSM1,0.0021875349061574213
IRF2,0.0006099001523267642
IRF3,0.0007067724617725062
IRF4,0.00044581032204111935
IRF5,0.0005051198992527981
IRF6,0.00035882294213065703
IRF7,0.00061681960300146
IRF8,0.0006049576875591243
IRF9,0.0005041314062992702
ISL2,0.0004013281391323602
ISX,0.0001324580557727494
Ikzf3,0.002274522286067884
Irf1,0.0008787702356863749
Isl1,0.0002678815904060828
JDP2,0.0009637806296897812
JUN,0.0005436711244403894
JUN::JUNB,0.0009865159676209249
JUNB,0.0010221017139479321
JUND,0.0008995285877104625
Jun,0.000980585009899757
KLF1,0.00484658095114769
KLF10,0.004960257640803408
KLF11,0.0036841132377987843
KLF12,0.00494444175354696
KLF13,0.0013769706842644773
KLF14,0.00505712995024915
KLF15,0.0059764283970301715
KLF16,0.004776397951447203
KLF17,0.003596137364934794
KLF2,0.004646905374535037
KLF3,0.0036762052941705604
KLF4,0.005099635147250853
KLF5,0.0048248341061700745
KLF6,0.0030722360995649642
KLF7,0.004966188598524575
KLF9,0.004474907600621169
LBX1,0.00022339940749732367
LBX2,0.0001324580557727494
LHX2,0.0001324580557727494
LHX5,0.0001808942104956205
LHX6,0.00022735337931143558
LHX9,0.00021746844977615576
LIN54,0.0003439955478277373
LMX1A,0.00019374461889148424
LMX1B,0.00018781366117031636
Lef1,0.0006099001523267642
Lhx1,0.0002668930974525548
Lhx3,0.000257996660870803
Lhx4,0.0001324580557727494
Lhx8,0.0001294925769121655
MAF,0.001128858952928954
MAF::NFE2,0.0006326354902579077
MAFA,0.001691311443486375
MAFF,0.0005565215328362531
MAFG::NFE2L1,0.0009449992635727496
MAFK,0.0015608303736206817
MAX,0.000773001489658881
MAX::MYC,0.0007176458842613141
MAZ,0.005250874569140634
MEF2A,0.0003054443226401461
MEF2B,0.000257996660870803
MEF2C,0.00037266184348004876
MEF2D,0.00029358240719781027
MEIS1,0.00030149035082603415
MEIS2,0.0011219395022542581
MEIS3,0.0005683834482785889
MEOX1,0.00020362954842676403
MEOX2,0.00018287119640267643
MGA,0.0007255538278895379
MGA::EVX1,0.0003953971814111923
MITF,0.0006454858986537714
MIXL1,0.0001324580557727494
MLX,0.00047052264587931885
MLXIPL,0.0006949105463301705
MNT,0.00037760430824768863
MNX1,0.0001294925769121655
MSANTD3,0.001034952122343796
MSC,0.0012880063184469589
MSX1,0.0001324580557727494
MSX2,0.0001324580557727494
MTF1,0.0010596644461819953
MXI1,0.0005347746878586376
MYB,0.0004418563502270074
MYBL1,0.00022735337931143558
MYBL2,0.0002481117313355232
MYC,0.0010389060941579078
MYCN,0.0012020074314900246
MYF5,0.0018554012737720198
MYF6,0.0008323110668705598
MYOD1,0.0018969179778201952
MYOG,0.0032659807184564483
MZF1,0.0012188118117000004
Mafb,0.0005733259130462289
Mafg,0.001389821092660341
Mecom,0.00027677802698783464
Mlxip,0.000561463997603893
Msgn1,0.0005565215328362531
Msx3,0.0001324580557727494
NEUROD1,0.0012415471496311438
NEUROG1,0.00044482182908759136
NEUROG2,0.001593450641087105
NFATC3,0.0005743144059997568
NFATC4,0.0007166573913077861
NFE2,0.0007047954758654503
NFIA,0.00019671009775206816
NFIB,0.0027697572557854023
NFIC,0.0027559183544360105
NFIC::TLX1,0.0013848786278927011
NFIL3,0.00020264105547323607
NFIX,0.0032659807184564483
NFKB1,0.0018751711328425795
NFKB2,0.0018049881331420928
NFYA,0.0007314847856107057
NFYB,0.0012464896143987837
NFYC,0.000617808095954988
NHLH1,0.0021875349061574213
NHLH2,0.002512749087868127
NKX2-2,0.0013492928815656937
NKX2-3,0.0008491154470805355
NKX2-4,0.0009944239112491488
NKX2-5,0.0008985400947569345
NKX2-8,0.0007354387574248177
NKX6-1,0.0002362498158931874
NKX6-2,0.0001324580557727494
NKX6-3,0.0003222487028501217
NOTO,0.00023031885817201953
NR1D1,0.001033963629390268
NR1D2,0.0007898058698688566
NR1H2::RXRA,0.0005772798848603408
NR1H4::RXRA,0.0008174836725676401
NR1I2,0.0011990419526294407
NR1I3,0.00036277691394476897
NR2C1,0.0006197850818620439
NR2C2,0.002679804397014356
NR2F1,0.00287354901590584
NR2F2,0.0005011659274386862
NR2F6,0.0011624677133489055
NR3C1,0.000615831110047932
NR3C2,0.0006049576875591243
NR4A1,0.0004883155190428225
NR4A2,0.00046360319520462296
NR4A2::RXRA,0.0008995285877104625
NR5A1,0.0008026562782647204
NR6A1,0.0006682212365849151
NRL,0.0005051198992527981
Nanog,0.0005683834482785889
Neurod2,0.004003396461788322
Nfat5,0.000561463997603893
Nfatc1,0.0005565215328362531
Nfatc2,0.0006108886452802922
Nfe2l2,0.0006879910956554746
Nkx2-1,0.0005070968851598541
Nkx3-1,0.0007255538278895379
Nkx3-2,0.0003766158152941607
Nobox,0.0001324580557727494
Npas2,0.0004952349697175184
Npas4,0.0004349368995523115
Nr1H2,0.0003874892377829685
Nr1H4,0.0003914432095970804
Nr1h3,0.0007166573913077861
Nr1h3::Rxra,0.0007255538278895379
Nr2F6,0.0006435089127467154
Nr2e1,0.0005258782512768858
Nr2e3,0.00027480104108077867
Nr2f6,0.0008501039400340635
Nr5A2,0.0008402190104987836
Nrf1,0.004760582064190755
OLIG1,0.0002421807736143553
OLIG2,0.00020560653433382
OLIG3,0.00024316926656788327
ONECUT1,0.00023921529475377134
ONECUT2,0.00022735337931143558
ONECUT3,0.00021746844977615576
OSR1,0.0015637958524812657
OSR2,0.0015025092893625309
OTX1,0.00018385968935620442
OTX2,0.00026096213973138694
OVOL1,0.0002649161115454988
OVOL2,0.0004003396461788322
Olig2,0.002621483312756205
PATZ1,0.008737289216233821
PAX1,0.0011041466290907546
PAX2,0.0011683986710700732
PAX3,0.0006296700113973238
PAX4,0.00020857201319440395
PAX5,0.0018603437385396597
PAX6,0.00044482182908759136
PAX8,0.0011614792203953775
PAX9,0.0011604907274418495
PBX1,0.0005367516737656935
PBX2,0.00021845694272968374
PBX3,0.0013957520503815087
PDX1,0.0001324580557727494
PGR,0.0002975363790119222
PHOX2A,0.00017496325277445259
PHOX2B,0.00024020378770729932
PITX1,0.0002214224215902677
PITX2,0.0003222487028501217
PITX3,0.0002214224215902677
PKNOX1,0.0012415471496311438
PKNOX2,0.0008540579118481754
PLAG1,0.00402415481381241
PLAGL2,0.0044373448683871055
POU1F1,0.00021450297091557183
POU2F1,0.00022438790045085162
POU2F1::SOX2,0.00021746844977615576
POU2F2,0.00020956050614793194
POU2F3,0.00025997364677785896
POU3F1,0.00021252598500851586
POU3F2,0.00021549146386909982
POU3F3,0.00022438790045085162
POU3F4,0.00019769859070559615
POU4F1,0.00018287119640267643
POU4F2,0.0001848481823097324
POU4F3,0.00018880215412384432
POU5F1,0.0003311451394318736
POU5F1B,0.00023031885817201953
POU6F1,0.0005011659274386862
POU6F2,0.00029160542129075435
PPARA::RXRA,0.0008332995598240878
PPARD,0.000871850785011679
PPARG,0.0007996907994041365
PRDM1,0.0016557256971593678
PRDM9,0.005544456976338444
PROP1,0.00017100928096034067
PROX1,0.0006217620677690999
PRRX1,0.0001324580557727494
PRRX2,0.00017891722458856452
Pax7,0.00020659502728734798
Pgr,0.0006415319268396595
Plagl1,0.00276086081920365
Pou5f1::Sox2,0.0003795812941547446
Ppara,0.00042406347706350374
Pparg::Rxra,0.0018751711328425795
Prdm14,0.0007482891658206815
Prdm15,0.0010181477421338202
Prdm4,0.0007660820389841851
Prdm5,0.0016725300773693436
Ptf1A,0.0040716024755817525
RARA,0.0016151974860647207
RARA::RXRA,0.001177295107651825
RARA::RXRG,0.0014006945151491487
RARB,0.0007888173769153286
RARG,0.0007769554614729929
RAX,0.0001324580557727494
RAX2,0.0001324580557727494
RBPJ,0.00045470675862287115
REL,0.001034952122343796
RELA,0.0013433619238445258
RELB,0.0011397323754177618
REST,0.002321969947837227
RFX1,0.0006019922086985403
RFX2,0.0005327977019515816
RFX3,0.0007166573913077861
RFX4,0.0010478025307396597
RFX5,0.0007028184899583943
RFX7,0.0007473006728671535
RHOXF1,0.0006267045325367398
RORA,0.000820449151428224
RORB,0.0004359253925058395
RORC,0.0004744766176934308
RREB1,0.0030653166488902686
RUNX2,0.0006929335604231146
RUNX3,0.0007275308137965938
RXRA::VDR,0.0005812338566744527
RXRB,0.0016814265139510952
RXRG,0.0018890100341919713
Rarb,0.0013403964449839418
Rarg,0.0016023470776688569
Rfx6,0.0008926091370357667
Rhox11,0.0003528919844094891
Runx1,0.0014293608108014602
Rxra,0.0007670705319377131
SATB1,0.00022933036521849155
SCRT1,0.0006217620677690999
SCRT2,0.0007136919124472021
SHOX,0.0001324580557727494
SIX1,0.0005743144059997568
SIX2,0.0005278552371839417
SMAD2,0.0009202869397345501
SMAD3,0.0005456481103474454
SMAD5,0.0007354387574248177
SNAI1,0.0009884929535279809
SNAI2,0.001282075360725791
SNAI3,0.001183226065372993
SOHLH2,0.0007522431376347934
SOX10,0.0002678815904060828
SOX12,0.0003558574632700731
SOX13,0.00023130735112554751
SOX14,0.000307421308547202
SOX15,0.0003785928012012166
SOX18,0.00026392761859197084
SOX2,0.000359811435084185
SOX21,0.0003123637733148419
SOX4,0.00039737416731824827
SOX8,0.0002668930974525548
SOX9,0.0002925939142442823
SP1,0.006176103973642824
SP2,0.0052657019634435535
SP3,0.0035575861397472027
SP4,0.004860419852497081
SP5,0.003078167057286132
SP8,0.00398955756043893
SP9,0.004493688966738201
SPDEF,0.001072514854577859
SPIB,0.00256513921440511
SPIC,0.001024078699854988
SREBF1,0.001746667048883942
SREBF2,0.001492624359827251
SRF,0.0003034673367330901
SRY,0.00023526132293965943
STAT1,0.0007146804054007301
STAT1::STAT2,0.0014263953319408763
STAT3,0.0006642672647708031
Shox2,0.0001324580557727494
Six3,0.00023130735112554751
Six4,0.0006870026027019467
Smad4,0.0006474628845608274
Sox1,0.00032126020989659373
Sox11,0.0006771176731666668
Sox17,0.00039836266027177625
Sox3,0.0003242256887571777
Sox5,0.0003291681535248176
Sox6,0.0006454858986537714
Sox7,0.00040824758980705604
Spi1,0.002298246116952555
Spz1,0.0009578496719686133
Stat2,0.0013087646704710465
Stat4,0.0006187965889085159
Stat5a,0.0008856896863610708
Stat5a::Stat5b,0.0009538957001545015
Stat5b,0.0008036447712182484
Stat6,0.0005051198992527981
TAL1::TCF3,0.0006425204197931875
TBP,0.00030840980150073
TBR1,0.0004665686740652069
TBX1,0.0005990267298379564
TBX15,0.0009736655592250611
TBX18,0.0007473006728671535
TBX19,0.0004586607304369831
TBX2,0.0004774420965540147
TBX20,0.0005021544203922142
TBX21,0.0007018299970048663
TBX3,0.0005486135892080294
TBX4,0.0006346124761649637
TBX5,0.0009469762494798056
TBXT,0.0005347746878586376
TCF12,0.0021736960048080295
TCF21,0.0005031429133457422
TCF3,0.0018949409919131392
TCF4,0.002828078340043553
TCF7,0.0005555330398827251
TCF7L1,0.00043987936431995144
TCF7L2,0.0004912809979034065
TCFL5,0.0017180007532316306
TEAD1,0.0005980382368844284
TEAD2,0.0005960612509773724
TEAD3,0.00044482182908759136
TEAD4,0.0006573478140961072
TEF,0.00015123942188978107
TFAP2A,0.016872586223769102
TFAP2B,0.017087089194684674
TFAP2C,0.01641392549333212
TFAP2E,0.006076266185336498
TFAP4,0.0022023623004603413
TFAP4::ETV1,0.002720332608109003
TFAP4::FLI1,0.0019275612593795625
TFCP2,0.00039737416731824827
TFDP1,0.002360521173024818
TFE3,0.0007156688983542581
TFEB,0.0008313225739170319
TFEC,0.0006474628845608274
TGIF1,0.0006860141097484187
TGIF2,0.0008085872359858883
TGIF2LX,0.0009064480383851584
TGIF2LY,0.0007907943628223846
THAP1,0.002063973286966424
THRA,0.001700207880068127
THRB,0.00431773722101022
TLX2,0.0001324580557727494
TP53,0.0006118771382338202
TP63,0.000360799928037713
TP73,0.0008283570950564479
TRPS1,0.00035190349145596114
TWIST1,0.001083388277066667
Tbx6,0.0009113905031527983
Tcf12,0.001539083528643066
Tcf21,0.0010557104743678834
Tfcp2l1,0.002815227931647689
Thap11,0.000980585009899757
Twist2,0.002621483312756205
UNCX,0.0001324580557727494
USF1,0.0007917828557759126
USF2,0.0006781061661201948
VAX1,0.0002372383088467154
VAX2,0.0001324580557727494
VENTX,0.00018385968935620442
VEZF1,0.0036267806464941616
VSX1,0.00021153749205498788
VSX2,0.0002164799568226278
Vdr,0.0004734881247399028
Wt1,0.005116439527460829
XBP1,0.0005347746878586376
YY2,0.0016270594015070563
Yy1,0.00061681960300146
ZBED1,0.00030050185787250616
ZBED2,0.0006375779550255476
ZBED4,0.008460511189245987
ZBTB11,0.002451462524749392
ZBTB12,0.0009687230944574212
ZBTB14,0.002619506326849149
ZBTB17,0.00021450297091557183
ZBTB18,0.0011901455160476888
ZBTB24,0.004445252812015329
ZBTB26,0.0013354539802163021
ZBTB32,0.00023328433703260346
ZBTB33,0.0013492928815656937
ZBTB6,0.0021499721739233583
ZBTB7A,0.0026531150872691005
ZBTB7B,0.0018544127808184918
ZBTB7C,0.0019137223580301707
ZEB1,0.001080422798206083
ZFP14,0.002859710114556448
ZFP42,0.0010181477421338202
ZFP57,0.0017852182740715334
ZIC1,0.0034360015064632612
ZIC4,0.003544735731351339
ZIC5,0.003400415760136254
ZIM3,0.000773001489658881
ZKSCAN1,0.0002827089847090025
ZKSCAN3,0.002118340399410463
ZKSCAN5,0.00216875354004039
ZNF135,0.00257502414394039
ZNF136,0.00048040757541459864
ZNF140,0.0010221017139479321
ZNF143,0.000770036010798297
ZNF148,0.007951437318179077
ZNF157,0.0003687078716659368
ZNF16,0.001961170019799514
ZNF175,0.0016161859790182486
ZNF184,0.0010033203478309004
ZNF189,0.0017120697955104627
ZNF211,0.00014728545007566913
ZNF213,0.007344502644712897
ZNF214,0.0005841993355350366
ZNF24,0.0005397171526262775
ZNF257,0.003092005958635524
ZNF263,0.002420819243190025
ZNF274,0.0008609773625228713
ZNF281,0.006009048664496595
ZNF282,0.0008362650386846718
ZNF317,0.0010606529391355233
ZNF320,0.006042657424916546
ZNF324,0.0009153444749669102
ZNF331,0.002470243890866424
ZNF341,0.0013324885013557182
ZNF343,0.0024267502009111927
ZNF35,0.0002619506326849149
ZNF354A,0.0002886399424301704
ZNF354C,0.0008501039400340635
ZNF382,0.0005496020821615573
ZNF384,0.0007591625883094892
ZNF410,0.00033312212533892954
ZNF416,0.0018237694992591245
ZNF417,0.0024850712851693436
ZNF418,0.0007957368275900245
ZNF449,0.002216201201809733
ZNF454,0.008228215345166911
ZNF460,0.007631165601236012
ZNF524,0.0018969179778201952
ZNF528,0.00154204900750365
ZNF530,0.004602423191626279
ZNF547,0.0007779439544265209
ZNF549,0.003980661123857179
ZNF558,0.0002471232383819952
ZNF574,0.0026471841295479326
ZNF582,0.0008342880527776158
ZNF610,0.006260125874692702
ZNF652,0.0003390530830600974
ZNF667,0.0007502661517277374
ZNF669,0.0022794647508355237
ZNF675,0.0008847011934075428
ZNF677,0.0006593248000031632
ZNF680,0.0010389060941579078
ZNF682,0.0033816343940192223
ZNF684,0.002054088357431144
ZNF692,0.0027153901433413633
ZNF701,0.004275232024008517
ZNF707,0.0021756729907150855
ZNF708,0.0018267349781197085
ZNF740,0.006259137381739175
ZNF75A,0.0010418715730184918
ZNF75D,0.000982561995806813
ZNF76,0.0021094439628287108
ZNF766,0.0005021544203922142
ZNF768,0.0023536017223501223
ZNF770,0.003087063493867884
ZNF784,0.0005832108425815087
ZNF8,0.00021746844977615576
ZNF816,0.0024910022428905115
ZNF85,0.000565417969418005
ZNF93,0.008190652612932848
ZSCAN16,0.0006771176731666668
ZSCAN21,0.0005871648143956205
ZSCAN29,0.0006790946590737228
ZSCAN31,0.0006543823352355233
ZSCAN4,0.0008421959964058396
Zbtb2,0.002116363413503407
Zfp335,0.001695265415300487
Zfp809,0.0020926395826187352
Zfp961,0.003340117689971047
Zfx,0.003481472182325548
Zic1::Zic2,0.002220155173623845
Zic2,0.0024020378770729933
Zic3,0.0021806154554827257
Znf423,0.0022488214692761564
mix-a,0.00020758352024087597
